package,protocol,requested,resolved
"@adobe/css-tools","npm","^4.0.1","4.3.3"
"@adobe/css-tools","npm","^4.4.0","4.4.0"
"@alloc/quick-lru","npm","^5.2.0","5.2.0"
"@ampproject/remapping","npm","^2.2.0","2.3.0"
"@ampproject/remapping","npm","^2.2.1","2.3.0"
"@antfu/utils","npm","^0.7.10","0.7.10"
"@apidevtools/swagger-methods","npm","^3.0.2","3.0.2"
"@ardatan/relay-compiler","npm","12.0.0","12.0.0"
"@ariakit/core","npm","0.4.6","0.4.6"
"@ariakit/react","npm","^0.4.1","0.4.6"
"@ariakit/react-core","npm","0.4.6","0.4.6"
"@atomico/rollup-plugin-sizes","npm","^1.1.4","1.1.4"
"@aws-crypto/crc32","npm","3.0.0","3.0.0"
"@aws-crypto/crc32c","npm","3.0.0","3.0.0"
"@aws-crypto/ie11-detection","npm","^3.0.0","3.0.0"
"@aws-crypto/sha1-browser","npm","3.0.0","3.0.0"
"@aws-crypto/sha256-browser","npm","3.0.0","3.0.0"
"@aws-crypto/sha256-js","npm","^3.0.0","3.0.0"
"@aws-crypto/sha256-js","npm","3.0.0","3.0.0"
"@aws-crypto/supports-web-crypto","npm","^3.0.0","3.0.0"
"@aws-crypto/util","npm","^3.0.0","3.0.0"
"@aws-sdk/client-s3","npm","^3.556.0","3.569.0"
"@aws-sdk/client-sso","npm","3.568.0","3.568.0"
"@aws-sdk/client-sso-oidc","npm","3.569.0","3.569.0"
"@aws-sdk/client-sts","npm","3.569.0","3.569.0"
"@aws-sdk/core","npm","3.567.0","3.567.0"
"@aws-sdk/credential-provider-env","npm","3.568.0","3.568.0"
"@aws-sdk/credential-provider-http","npm","3.568.0","3.568.0"
"@aws-sdk/credential-provider-ini","npm","3.568.0","3.568.0"
"@aws-sdk/credential-provider-node","npm","3.569.0","3.569.0"
"@aws-sdk/credential-provider-process","npm","3.568.0","3.568.0"
"@aws-sdk/credential-provider-sso","npm","3.568.0","3.568.0"
"@aws-sdk/credential-provider-web-identity","npm","3.568.0","3.568.0"
"@aws-sdk/middleware-bucket-endpoint","npm","3.568.0","3.568.0"
"@aws-sdk/middleware-expect-continue","npm","3.567.0","3.567.0"
"@aws-sdk/middleware-flexible-checksums","npm","3.567.0","3.567.0"
"@aws-sdk/middleware-host-header","npm","3.567.0","3.567.0"
"@aws-sdk/middleware-location-constraint","npm","3.567.0","3.567.0"
"@aws-sdk/middleware-logger","npm","3.568.0","3.568.0"
"@aws-sdk/middleware-recursion-detection","npm","3.567.0","3.567.0"
"@aws-sdk/middleware-sdk-s3","npm","3.569.0","3.569.0"
"@aws-sdk/middleware-signing","npm","3.567.0","3.567.0"
"@aws-sdk/middleware-ssec","npm","3.567.0","3.567.0"
"@aws-sdk/middleware-user-agent","npm","3.567.0","3.567.0"
"@aws-sdk/region-config-resolver","npm","3.567.0","3.567.0"
"@aws-sdk/s3-request-presigner","npm","^3.556.0","3.569.0"
"@aws-sdk/signature-v4-multi-region","npm","3.569.0","3.569.0"
"@aws-sdk/token-providers","npm","3.568.0","3.568.0"
"@aws-sdk/types","npm","^3.222.0","3.567.0"
"@aws-sdk/types","npm","3.567.0","3.567.0"
"@aws-sdk/util-arn-parser","npm","3.568.0","3.568.0"
"@aws-sdk/util-endpoints","npm","3.567.0","3.567.0"
"@aws-sdk/util-format-url","npm","3.567.0","3.567.0"
"@aws-sdk/util-locate-window","npm","^3.0.0","3.568.0"
"@aws-sdk/util-user-agent-browser","npm","3.567.0","3.567.0"
"@aws-sdk/util-user-agent-node","npm","3.568.0","3.568.0"
"@aws-sdk/util-utf8-browser","npm","^3.0.0","3.259.0"
"@aws-sdk/xml-builder","npm","3.567.0","3.567.0"
"@babel/code-frame","npm","^7.0.0","7.24.2"
"@babel/code-frame","npm","^7.10.4","7.24.2"
"@babel/code-frame","npm","^7.12.13","7.24.2"
"@babel/code-frame","npm","^7.16.0","7.24.7"
"@babel/code-frame","npm","^7.23.5","7.24.2"
"@babel/code-frame","npm","^7.24.2","7.24.2"
"@babel/code-frame","npm","^7.24.7","7.24.7"
"@babel/code-frame","npm","7.12.11","7.12.11"
"@babel/compat-data","npm","^7.20.5","7.25.4"
"@babel/compat-data","npm","^7.22.6","7.24.4"
"@babel/compat-data","npm","^7.23.5","7.24.4"
"@babel/compat-data","npm","^7.24.4","7.24.4"
"@babel/compat-data","npm","^7.25.2","7.25.4"
"@babel/core","npm","^7.11.6","7.24.5"
"@babel/core","npm","^7.12.10","7.24.5"
"@babel/core","npm","^7.12.3","7.24.5"
"@babel/core","npm","^7.14.0","7.25.2"
"@babel/core","npm","^7.18.9","7.24.5"
"@babel/core","npm","^7.21.3","7.24.5"
"@babel/core","npm","^7.23.5","7.24.5"
"@babel/core","npm","^7.23.9","7.24.5"
"@babel/generator","npm","^7.14.0","7.25.6"
"@babel/generator","npm","^7.24.5","7.24.5"
"@babel/generator","npm","^7.25.0","7.25.6"
"@babel/generator","npm","^7.25.6","7.25.6"
"@babel/generator","npm","^7.7.2","7.24.5"
"@babel/helper-annotate-as-pure","npm","^7.22.5","7.22.5"
"@babel/helper-annotate-as-pure","npm","^7.24.7","7.24.7"
"@babel/helper-builder-binary-assignment-operator-visitor","npm","^7.22.15","7.22.15"
"@babel/helper-compilation-targets","npm","^7.20.7","7.25.2"
"@babel/helper-compilation-targets","npm","^7.22.6","7.23.6"
"@babel/helper-compilation-targets","npm","^7.23.6","7.23.6"
"@babel/helper-compilation-targets","npm","^7.24.8","7.25.2"
"@babel/helper-compilation-targets","npm","^7.25.2","7.25.2"
"@babel/helper-create-class-features-plugin","npm","^7.12.1","7.24.5"
"@babel/helper-create-class-features-plugin","npm","^7.18.6","7.25.4"
"@babel/helper-create-class-features-plugin","npm","^7.24.1","7.24.5"
"@babel/helper-create-class-features-plugin","npm","^7.24.4","7.24.5"
"@babel/helper-create-class-features-plugin","npm","^7.24.5","7.24.5"
"@babel/helper-create-regexp-features-plugin","npm","^7.18.6","7.22.15"
"@babel/helper-create-regexp-features-plugin","npm","^7.22.15","7.22.15"
"@babel/helper-create-regexp-features-plugin","npm","^7.22.5","7.22.15"
"@babel/helper-define-polyfill-provider","npm","^0.6.1","0.6.2"
"@babel/helper-define-polyfill-provider","npm","^0.6.2","0.6.2"
"@babel/helper-environment-visitor","npm","^7.22.20","7.22.20"
"@babel/helper-function-name","npm","^7.23.0","7.23.0"
"@babel/helper-hoist-variables","npm","^7.22.5","7.22.5"
"@babel/helper-member-expression-to-functions","npm","^7.23.0","7.24.5"
"@babel/helper-member-expression-to-functions","npm","^7.24.5","7.24.5"
"@babel/helper-member-expression-to-functions","npm","^7.24.8","7.24.8"
"@babel/helper-module-imports","npm","^7.10.4","7.24.3"
"@babel/helper-module-imports","npm","^7.22.15","7.24.3"
"@babel/helper-module-imports","npm","^7.24.1","7.24.3"
"@babel/helper-module-imports","npm","^7.24.3","7.24.3"
"@babel/helper-module-imports","npm","^7.24.7","7.24.7"
"@babel/helper-module-transforms","npm","^7.23.3","7.24.5"
"@babel/helper-module-transforms","npm","^7.24.5","7.24.5"
"@babel/helper-module-transforms","npm","^7.24.8","7.25.2"
"@babel/helper-module-transforms","npm","^7.25.2","7.25.2"
"@babel/helper-optimise-call-expression","npm","^7.22.5","7.22.5"
"@babel/helper-optimise-call-expression","npm","^7.24.7","7.24.7"
"@babel/helper-plugin-utils","npm","^7.0.0","7.24.5"
"@babel/helper-plugin-utils","npm","^7.10.4","7.24.5"
"@babel/helper-plugin-utils","npm","^7.12.13","7.24.5"
"@babel/helper-plugin-utils","npm","^7.14.5","7.24.5"
"@babel/helper-plugin-utils","npm","^7.18.6","7.24.5"
"@babel/helper-plugin-utils","npm","^7.20.2","7.24.8"
"@babel/helper-plugin-utils","npm","^7.22.5","7.24.5"
"@babel/helper-plugin-utils","npm","^7.24.0","7.24.5"
"@babel/helper-plugin-utils","npm","^7.24.5","7.24.5"
"@babel/helper-plugin-utils","npm","^7.24.7","7.24.8"
"@babel/helper-plugin-utils","npm","^7.24.8","7.24.8"
"@babel/helper-plugin-utils","npm","^7.8.0","7.24.5"
"@babel/helper-plugin-utils","npm","^7.8.3","7.24.5"
"@babel/helper-remap-async-to-generator","npm","^7.22.20","7.22.20"
"@babel/helper-replace-supers","npm","^7.24.1","7.24.1"
"@babel/helper-replace-supers","npm","^7.24.7","7.25.0"
"@babel/helper-replace-supers","npm","^7.25.0","7.25.0"
"@babel/helper-simple-access","npm","^7.22.5","7.24.5"
"@babel/helper-simple-access","npm","^7.24.5","7.24.5"
"@babel/helper-simple-access","npm","^7.24.7","7.24.7"
"@babel/helper-skip-transparent-expression-wrappers","npm","^7.22.5","7.22.5"
"@babel/helper-skip-transparent-expression-wrappers","npm","^7.24.7","7.24.7"
"@babel/helper-split-export-declaration","npm","^7.24.5","7.24.5"
"@babel/helper-string-parser","npm","^7.24.1","7.24.1"
"@babel/helper-string-parser","npm","^7.24.8","7.24.8"
"@babel/helper-validator-identifier","npm","^7.22.20","7.24.5"
"@babel/helper-validator-identifier","npm","^7.24.5","7.24.5"
"@babel/helper-validator-identifier","npm","^7.24.7","7.24.7"
"@babel/helper-validator-option","npm","^7.23.5","7.23.5"
"@babel/helper-validator-option","npm","^7.24.8","7.24.8"
"@babel/helper-wrap-function","npm","^7.22.20","7.24.5"
"@babel/helpers","npm","^7.24.5","7.24.5"
"@babel/helpers","npm","^7.25.0","7.25.6"
"@babel/highlight","npm","^7.10.4","7.24.5"
"@babel/highlight","npm","^7.24.2","7.24.5"
"@babel/highlight","npm","^7.24.7","7.24.7"
"@babel/parser","npm","^7.1.0","7.24.5"
"@babel/parser","npm","^7.14.0","7.25.6"
"@babel/parser","npm","^7.14.7","7.24.5"
"@babel/parser","npm","^7.20.7","7.24.5"
"@babel/parser","npm","^7.23.9","7.24.5"
"@babel/parser","npm","^7.24.0","7.24.5"
"@babel/parser","npm","^7.24.5","7.24.5"
"@babel/parser","npm","^7.25.0","7.25.6"
"@babel/parser","npm","^7.25.6","7.25.6"
"@babel/parser","npm","^7.3.3","7.24.5"
"@babel/parser","npm","7.25.6","7.25.6"
"@babel/plugin-bugfix-firefox-class-in-computed-class-key","npm","^7.24.5","7.24.5"
"@babel/plugin-bugfix-safari-id-destructuring-collision-in-function-expression","npm","^7.24.1","7.24.1"
"@babel/plugin-bugfix-v8-spread-parameters-in-optional-chaining","npm","^7.24.1","7.24.1"
"@babel/plugin-bugfix-v8-static-class-fields-redefine-readonly","npm","^7.24.1","7.24.1"
"@babel/plugin-proposal-class-properties","npm","^7.0.0","7.18.6"
"@babel/plugin-proposal-class-properties","npm","7.12.1","7.12.1"
"@babel/plugin-proposal-object-rest-spread","npm","^7.0.0","7.20.7"
"@babel/plugin-proposal-private-property-in-object","npm","7.21.0-placeholder-for-preset-env.2","7.21.0-placeholder-for-preset-env.2"
"@babel/plugin-syntax-async-generators","npm","^7.8.4","7.8.4"
"@babel/plugin-syntax-bigint","npm","^7.8.3","7.8.3"
"@babel/plugin-syntax-class-properties","npm","^7.0.0","7.12.13"
"@babel/plugin-syntax-class-properties","npm","^7.12.13","7.12.13"
"@babel/plugin-syntax-class-properties","npm","^7.8.3","7.12.13"
"@babel/plugin-syntax-class-static-block","npm","^7.14.5","7.14.5"
"@babel/plugin-syntax-dynamic-import","npm","^7.8.3","7.8.3"
"@babel/plugin-syntax-export-namespace-from","npm","^7.8.3","7.8.3"
"@babel/plugin-syntax-flow","npm","^7.0.0","7.24.7"
"@babel/plugin-syntax-flow","npm","^7.24.1","7.24.1"
"@babel/plugin-syntax-flow","npm","^7.24.7","7.24.7"
"@babel/plugin-syntax-import-assertions","npm","^7.24.1","7.24.1"
"@babel/plugin-syntax-import-attributes","npm","^7.24.1","7.24.1"
"@babel/plugin-syntax-import-meta","npm","^7.10.4","7.10.4"
"@babel/plugin-syntax-import-meta","npm","^7.8.3","7.10.4"
"@babel/plugin-syntax-json-strings","npm","^7.8.3","7.8.3"
"@babel/plugin-syntax-jsx","npm","^7.0.0","7.24.7"
"@babel/plugin-syntax-jsx","npm","^7.12.1","7.24.1"
"@babel/plugin-syntax-jsx","npm","^7.23.3","7.24.1"
"@babel/plugin-syntax-jsx","npm","^7.24.7","7.24.7"
"@babel/plugin-syntax-jsx","npm","^7.7.2","7.24.1"
"@babel/plugin-syntax-logical-assignment-operators","npm","^7.10.4","7.10.4"
"@babel/plugin-syntax-logical-assignment-operators","npm","^7.8.3","7.10.4"
"@babel/plugin-syntax-nullish-coalescing-operator","npm","^7.8.3","7.8.3"
"@babel/plugin-syntax-numeric-separator","npm","^7.10.4","7.10.4"
"@babel/plugin-syntax-numeric-separator","npm","^7.8.3","7.10.4"
"@babel/plugin-syntax-object-rest-spread","npm","^7.0.0","7.8.3"
"@babel/plugin-syntax-object-rest-spread","npm","^7.8.3","7.8.3"
"@babel/plugin-syntax-optional-catch-binding","npm","^7.8.3","7.8.3"
"@babel/plugin-syntax-optional-chaining","npm","^7.8.3","7.8.3"
"@babel/plugin-syntax-private-property-in-object","npm","^7.14.5","7.14.5"
"@babel/plugin-syntax-top-level-await","npm","^7.14.5","7.14.5"
"@babel/plugin-syntax-top-level-await","npm","^7.8.3","7.14.5"
"@babel/plugin-syntax-typescript","npm","^7.7.2","7.24.1"
"@babel/plugin-syntax-unicode-sets-regex","npm","^7.18.6","7.18.6"
"@babel/plugin-transform-arrow-functions","npm","^7.0.0","7.24.7"
"@babel/plugin-transform-arrow-functions","npm","^7.24.1","7.24.1"
"@babel/plugin-transform-async-generator-functions","npm","^7.24.3","7.24.3"
"@babel/plugin-transform-async-to-generator","npm","^7.24.1","7.24.1"
"@babel/plugin-transform-block-scoped-functions","npm","^7.0.0","7.24.7"
"@babel/plugin-transform-block-scoped-functions","npm","^7.24.1","7.24.1"
"@babel/plugin-transform-block-scoping","npm","^7.0.0","7.25.0"
"@babel/plugin-transform-block-scoping","npm","^7.24.5","7.24.5"
"@babel/plugin-transform-class-properties","npm","^7.24.1","7.24.1"
"@babel/plugin-transform-class-static-block","npm","^7.24.4","7.24.4"
"@babel/plugin-transform-classes","npm","^7.0.0","7.25.4"
"@babel/plugin-transform-classes","npm","^7.24.5","7.24.5"
"@babel/plugin-transform-computed-properties","npm","^7.0.0","7.24.7"
"@babel/plugin-transform-computed-properties","npm","^7.24.1","7.24.1"
"@babel/plugin-transform-destructuring","npm","^7.0.0","7.24.8"
"@babel/plugin-transform-destructuring","npm","^7.24.5","7.24.5"
"@babel/plugin-transform-dotall-regex","npm","^7.24.1","7.24.1"
"@babel/plugin-transform-duplicate-keys","npm","^7.24.1","7.24.1"
"@babel/plugin-transform-dynamic-import","npm","^7.24.1","7.24.1"
"@babel/plugin-transform-exponentiation-operator","npm","^7.24.1","7.24.1"
"@babel/plugin-transform-export-namespace-from","npm","^7.24.1","7.24.1"
"@babel/plugin-transform-flow-strip-types","npm","^7.0.0","7.25.2"
"@babel/plugin-transform-flow-strip-types","npm","^7.12.10","7.24.1"
"@babel/plugin-transform-flow-strip-types","npm","^7.24.1","7.24.1"
"@babel/plugin-transform-for-of","npm","^7.0.0","7.24.7"
"@babel/plugin-transform-for-of","npm","^7.24.1","7.24.1"
"@babel/plugin-transform-function-name","npm","^7.0.0","7.25.1"
"@babel/plugin-transform-function-name","npm","^7.24.1","7.24.1"
"@babel/plugin-transform-json-strings","npm","^7.24.1","7.24.1"
"@babel/plugin-transform-literals","npm","^7.0.0","7.25.2"
"@babel/plugin-transform-literals","npm","^7.24.1","7.24.1"
"@babel/plugin-transform-logical-assignment-operators","npm","^7.24.1","7.24.1"
"@babel/plugin-transform-member-expression-literals","npm","^7.0.0","7.24.7"
"@babel/plugin-transform-member-expression-literals","npm","^7.24.1","7.24.1"
"@babel/plugin-transform-modules-amd","npm","^7.24.1","7.24.1"
"@babel/plugin-transform-modules-commonjs","npm","^7.0.0","7.24.8"
"@babel/plugin-transform-modules-commonjs","npm","^7.24.1","7.24.1"
"@babel/plugin-transform-modules-systemjs","npm","^7.24.1","7.24.1"
"@babel/plugin-transform-modules-umd","npm","^7.24.1","7.24.1"
"@babel/plugin-transform-named-capturing-groups-regex","npm","^7.22.5","7.22.5"
"@babel/plugin-transform-new-target","npm","^7.24.1","7.24.1"
"@babel/plugin-transform-nullish-coalescing-operator","npm","^7.24.1","7.24.1"
"@babel/plugin-transform-numeric-separator","npm","^7.24.1","7.24.1"
"@babel/plugin-transform-object-rest-spread","npm","^7.24.5","7.24.5"
"@babel/plugin-transform-object-super","npm","^7.0.0","7.24.7"
"@babel/plugin-transform-object-super","npm","^7.24.1","7.24.1"
"@babel/plugin-transform-optional-catch-binding","npm","^7.24.1","7.24.1"
"@babel/plugin-transform-optional-chaining","npm","^7.24.1","7.24.5"
"@babel/plugin-transform-optional-chaining","npm","^7.24.5","7.24.5"
"@babel/plugin-transform-parameters","npm","^7.0.0","7.24.7"
"@babel/plugin-transform-parameters","npm","^7.20.7","7.24.7"
"@babel/plugin-transform-parameters","npm","^7.24.5","7.24.5"
"@babel/plugin-transform-private-methods","npm","^7.24.1","7.24.1"
"@babel/plugin-transform-private-property-in-object","npm","^7.24.5","7.24.5"
"@babel/plugin-transform-property-literals","npm","^7.0.0","7.24.7"
"@babel/plugin-transform-property-literals","npm","^7.24.1","7.24.1"
"@babel/plugin-transform-react-display-name","npm","^7.0.0","7.24.7"
"@babel/plugin-transform-react-display-name","npm","^7.24.1","7.24.1"
"@babel/plugin-transform-react-jsx","npm","^7.0.0","7.25.2"
"@babel/plugin-transform-react-jsx","npm","^7.12.11","7.23.4"
"@babel/plugin-transform-react-jsx","npm","^7.22.5","7.23.4"
"@babel/plugin-transform-react-jsx","npm","^7.23.4","7.23.4"
"@babel/plugin-transform-react-jsx-development","npm","^7.22.5","7.22.5"
"@babel/plugin-transform-react-jsx-self","npm","^7.23.3","7.24.5"
"@babel/plugin-transform-react-jsx-source","npm","^7.23.3","7.24.1"
"@babel/plugin-transform-react-pure-annotations","npm","^7.24.1","7.24.1"
"@babel/plugin-transform-regenerator","npm","^7.12.1","7.24.1"
"@babel/plugin-transform-regenerator","npm","^7.24.1","7.24.1"
"@babel/plugin-transform-reserved-words","npm","^7.24.1","7.24.1"
"@babel/plugin-transform-shorthand-properties","npm","^7.0.0","7.24.7"
"@babel/plugin-transform-shorthand-properties","npm","^7.24.1","7.24.1"
"@babel/plugin-transform-spread","npm","^7.0.0","7.24.7"
"@babel/plugin-transform-spread","npm","^7.24.1","7.24.1"
"@babel/plugin-transform-sticky-regex","npm","^7.24.1","7.24.1"
"@babel/plugin-transform-template-literals","npm","^7.0.0","7.24.7"
"@babel/plugin-transform-template-literals","npm","^7.24.1","7.24.1"
"@babel/plugin-transform-typeof-symbol","npm","^7.24.5","7.24.5"
"@babel/plugin-transform-unicode-escapes","npm","^7.24.1","7.24.1"
"@babel/plugin-transform-unicode-property-regex","npm","^7.24.1","7.24.1"
"@babel/plugin-transform-unicode-regex","npm","^7.24.1","7.24.1"
"@babel/plugin-transform-unicode-sets-regex","npm","^7.24.1","7.24.1"
"@babel/preset-env","npm","^7.12.11","7.24.5"
"@babel/preset-flow","npm","^7.12.1","7.24.1"
"@babel/preset-modules","npm","0.1.6-no-external-plugins","0.1.6-no-external-plugins"
"@babel/preset-react","npm","^7.12.10","7.24.1"
"@babel/regjsgen","npm","^0.8.0","0.8.0"
"@babel/runtime","npm","^7.0.0","7.25.6"
"@babel/runtime","npm","^7.12.5","7.24.5"
"@babel/runtime","npm","^7.13.10","7.24.5"
"@babel/runtime","npm","^7.15.4","7.24.5"
"@babel/runtime","npm","^7.17.8","7.24.5"
"@babel/runtime","npm","^7.20.1","7.24.5"
"@babel/runtime","npm","^7.21.0","7.25.6"
"@babel/runtime","npm","^7.22.10","7.24.5"
"@babel/runtime","npm","^7.22.5","7.24.5"
"@babel/runtime","npm","^7.23.2","7.24.5"
"@babel/runtime","npm","^7.23.8","7.24.5"
"@babel/runtime","npm","^7.24.1","7.24.5"
"@babel/runtime","npm","^7.5.5","7.24.5"
"@babel/runtime","npm","^7.8.4","7.24.5"
"@babel/runtime","npm","^7.9.2","7.24.5"
"@babel/template","npm","^7.20.7","7.24.0"
"@babel/template","npm","^7.22.15","7.24.0"
"@babel/template","npm","^7.24.0","7.24.0"
"@babel/template","npm","^7.24.7","7.25.0"
"@babel/template","npm","^7.25.0","7.25.0"
"@babel/template","npm","^7.3.3","7.24.0"
"@babel/traverse","npm","^7.14.0","7.25.6"
"@babel/traverse","npm","^7.18.9","7.24.5"
"@babel/traverse","npm","^7.24.5","7.24.5"
"@babel/traverse","npm","^7.24.7","7.25.6"
"@babel/traverse","npm","^7.24.8","7.25.6"
"@babel/traverse","npm","^7.25.0","7.25.6"
"@babel/traverse","npm","^7.25.1","7.25.6"
"@babel/traverse","npm","^7.25.2","7.25.6"
"@babel/traverse","npm","^7.25.4","7.25.6"
"@babel/traverse","npm","7.25.6","7.25.6"
"@babel/types","npm","^7.0.0","7.24.5"
"@babel/types","npm","^7.18.9","7.24.5"
"@babel/types","npm","^7.20.7","7.24.5"
"@babel/types","npm","^7.21.3","7.24.5"
"@babel/types","npm","^7.21.5","7.24.5"
"@babel/types","npm","^7.22.15","7.24.5"
"@babel/types","npm","^7.22.5","7.24.5"
"@babel/types","npm","^7.23.0","7.24.5"
"@babel/types","npm","^7.23.4","7.24.5"
"@babel/types","npm","^7.24.0","7.24.5"
"@babel/types","npm","^7.24.5","7.24.5"
"@babel/types","npm","^7.24.7","7.25.6"
"@babel/types","npm","^7.24.8","7.25.6"
"@babel/types","npm","^7.25.0","7.25.6"
"@babel/types","npm","^7.25.2","7.25.6"
"@babel/types","npm","^7.25.6","7.25.6"
"@babel/types","npm","^7.3.3","7.24.5"
"@babel/types","npm","^7.4.4","7.24.5"
"@babel/types","npm","^7.8.3","7.24.5"
"@babel/types","npm","7.25.6","7.25.6"
"@base2/pretty-print-object","npm","1.0.1","1.0.1"
"@bcoe/v8-coverage","npm","^0.2.3","0.2.3"
"@bundled-es-modules/cookie","npm","^2.0.0","2.0.0"
"@bundled-es-modules/statuses","npm","^1.0.1","1.0.1"
"@cfaester/enzyme-adapter-react-18","npm","^0.8.0","0.8.0"
"@changesets/apply-release-plan","npm","^7.0.0","7.0.0"
"@changesets/assemble-release-plan","npm","^6.0.0","6.0.0"
"@changesets/changelog-git","npm","^0.2.0","0.2.0"
"@changesets/changelog-github","npm","^0.4.8","0.4.8"
"@changesets/cli","npm","^2.26.0","2.27.1"
"@changesets/config","npm","^3.0.0","3.0.0"
"@changesets/errors","npm","^0.2.0","0.2.0"
"@changesets/get-dependents-graph","npm","^2.0.0","2.0.0"
"@changesets/get-github-info","npm","^0.5.2","0.5.2"
"@changesets/get-release-plan","npm","^4.0.0","4.0.0"
"@changesets/get-version-range-type","npm","^0.4.0","0.4.0"
"@changesets/git","npm","^3.0.0","3.0.0"
"@changesets/logger","npm","^0.1.0","0.1.0"
"@changesets/parse","npm","^0.4.0","0.4.0"
"@changesets/pre","npm","^2.0.0","2.0.0"
"@changesets/read","npm","^0.6.0","0.6.0"
"@changesets/types","npm","^4.0.1","4.1.0"
"@changesets/types","npm","^5.2.1","5.2.1"
"@changesets/types","npm","^6.0.0","6.0.0"
"@changesets/write","npm","^0.3.0","0.3.0"
"@colors/colors","npm","^1.6.0","1.6.0"
"@colors/colors","npm","1.6.0","1.6.0"
"@cspotcode/source-map-support","npm","^0.8.0","0.8.1"
"@dabh/diagnostics","npm","^2.0.2","2.0.3"
"@dnd-kit/accessibility","npm","^3.1.0","3.1.0"
"@dnd-kit/core","npm","^6.1.0","6.1.0"
"@dnd-kit/sortable","npm","^8.0.0","8.0.0"
"@dnd-kit/utilities","npm","^3.2.2","3.2.2"
"@emotion/is-prop-valid","npm","1.2.2","1.2.2"
"@emotion/memoize","npm","^0.8.1","0.8.1"
"@emotion/unitless","npm","0.8.1","0.8.1"
"@emotion/use-insertion-effect-with-fallbacks","npm","^1.0.0","1.0.1"
"@esbuild/aix-ppc64","npm","0.19.12","0.19.12"
"@esbuild/aix-ppc64","npm","0.20.2","0.20.2"
"@esbuild/aix-ppc64","npm","0.21.5","0.21.5"
"@esbuild/aix-ppc64","npm","0.23.1","0.23.1"
"@esbuild/android-arm","npm","0.18.20","0.18.20"
"@esbuild/android-arm","npm","0.19.12","0.19.12"
"@esbuild/android-arm","npm","0.20.2","0.20.2"
"@esbuild/android-arm","npm","0.21.5","0.21.5"
"@esbuild/android-arm","npm","0.23.1","0.23.1"
"@esbuild/android-arm64","npm","0.18.20","0.18.20"
"@esbuild/android-arm64","npm","0.19.12","0.19.12"
"@esbuild/android-arm64","npm","0.20.2","0.20.2"
"@esbuild/android-arm64","npm","0.21.5","0.21.5"
"@esbuild/android-arm64","npm","0.23.1","0.23.1"
"@esbuild/android-x64","npm","0.18.20","0.18.20"
"@esbuild/android-x64","npm","0.19.12","0.19.12"
"@esbuild/android-x64","npm","0.20.2","0.20.2"
"@esbuild/android-x64","npm","0.21.5","0.21.5"
"@esbuild/android-x64","npm","0.23.1","0.23.1"
"@esbuild/darwin-arm64","npm","0.18.20","0.18.20"
"@esbuild/darwin-arm64","npm","0.19.12","0.19.12"
"@esbuild/darwin-arm64","npm","0.20.2","0.20.2"
"@esbuild/darwin-arm64","npm","0.21.5","0.21.5"
"@esbuild/darwin-arm64","npm","0.23.1","0.23.1"
"@esbuild/darwin-x64","npm","0.18.20","0.18.20"
"@esbuild/darwin-x64","npm","0.19.12","0.19.12"
"@esbuild/darwin-x64","npm","0.20.2","0.20.2"
"@esbuild/darwin-x64","npm","0.21.5","0.21.5"
"@esbuild/darwin-x64","npm","0.23.1","0.23.1"
"@esbuild/freebsd-arm64","npm","0.18.20","0.18.20"
"@esbuild/freebsd-arm64","npm","0.19.12","0.19.12"
"@esbuild/freebsd-arm64","npm","0.20.2","0.20.2"
"@esbuild/freebsd-arm64","npm","0.21.5","0.21.5"
"@esbuild/freebsd-arm64","npm","0.23.1","0.23.1"
"@esbuild/freebsd-x64","npm","0.18.20","0.18.20"
"@esbuild/freebsd-x64","npm","0.19.12","0.19.12"
"@esbuild/freebsd-x64","npm","0.20.2","0.20.2"
"@esbuild/freebsd-x64","npm","0.21.5","0.21.5"
"@esbuild/freebsd-x64","npm","0.23.1","0.23.1"
"@esbuild/linux-arm","npm","0.18.20","0.18.20"
"@esbuild/linux-arm","npm","0.19.12","0.19.12"
"@esbuild/linux-arm","npm","0.20.2","0.20.2"
"@esbuild/linux-arm","npm","0.21.5","0.21.5"
"@esbuild/linux-arm","npm","0.23.1","0.23.1"
"@esbuild/linux-arm64","npm","0.18.20","0.18.20"
"@esbuild/linux-arm64","npm","0.19.12","0.19.12"
"@esbuild/linux-arm64","npm","0.20.2","0.20.2"
"@esbuild/linux-arm64","npm","0.21.5","0.21.5"
"@esbuild/linux-arm64","npm","0.23.1","0.23.1"
"@esbuild/linux-ia32","npm","0.18.20","0.18.20"
"@esbuild/linux-ia32","npm","0.19.12","0.19.12"
"@esbuild/linux-ia32","npm","0.20.2","0.20.2"
"@esbuild/linux-ia32","npm","0.21.5","0.21.5"
"@esbuild/linux-ia32","npm","0.23.1","0.23.1"
"@esbuild/linux-loong64","npm","0.18.20","0.18.20"
"@esbuild/linux-loong64","npm","0.19.12","0.19.12"
"@esbuild/linux-loong64","npm","0.20.2","0.20.2"
"@esbuild/linux-loong64","npm","0.21.5","0.21.5"
"@esbuild/linux-loong64","npm","0.23.1","0.23.1"
"@esbuild/linux-mips64el","npm","0.18.20","0.18.20"
"@esbuild/linux-mips64el","npm","0.19.12","0.19.12"
"@esbuild/linux-mips64el","npm","0.20.2","0.20.2"
"@esbuild/linux-mips64el","npm","0.21.5","0.21.5"
"@esbuild/linux-mips64el","npm","0.23.1","0.23.1"
"@esbuild/linux-ppc64","npm","0.18.20","0.18.20"
"@esbuild/linux-ppc64","npm","0.19.12","0.19.12"
"@esbuild/linux-ppc64","npm","0.20.2","0.20.2"
"@esbuild/linux-ppc64","npm","0.21.5","0.21.5"
"@esbuild/linux-ppc64","npm","0.23.1","0.23.1"
"@esbuild/linux-riscv64","npm","0.18.20","0.18.20"
"@esbuild/linux-riscv64","npm","0.19.12","0.19.12"
"@esbuild/linux-riscv64","npm","0.20.2","0.20.2"
"@esbuild/linux-riscv64","npm","0.21.5","0.21.5"
"@esbuild/linux-riscv64","npm","0.23.1","0.23.1"
"@esbuild/linux-s390x","npm","0.18.20","0.18.20"
"@esbuild/linux-s390x","npm","0.19.12","0.19.12"
"@esbuild/linux-s390x","npm","0.20.2","0.20.2"
"@esbuild/linux-s390x","npm","0.21.5","0.21.5"
"@esbuild/linux-s390x","npm","0.23.1","0.23.1"
"@esbuild/linux-x64","npm","0.18.20","0.18.20"
"@esbuild/linux-x64","npm","0.19.12","0.19.12"
"@esbuild/linux-x64","npm","0.20.2","0.20.2"
"@esbuild/linux-x64","npm","0.21.5","0.21.5"
"@esbuild/linux-x64","npm","0.23.1","0.23.1"
"@esbuild/netbsd-x64","npm","0.18.20","0.18.20"
"@esbuild/netbsd-x64","npm","0.19.12","0.19.12"
"@esbuild/netbsd-x64","npm","0.20.2","0.20.2"
"@esbuild/netbsd-x64","npm","0.21.5","0.21.5"
"@esbuild/netbsd-x64","npm","0.23.1","0.23.1"
"@esbuild/openbsd-arm64","npm","0.23.1","0.23.1"
"@esbuild/openbsd-x64","npm","0.18.20","0.18.20"
"@esbuild/openbsd-x64","npm","0.19.12","0.19.12"
"@esbuild/openbsd-x64","npm","0.20.2","0.20.2"
"@esbuild/openbsd-x64","npm","0.21.5","0.21.5"
"@esbuild/openbsd-x64","npm","0.23.1","0.23.1"
"@esbuild/sunos-x64","npm","0.18.20","0.18.20"
"@esbuild/sunos-x64","npm","0.19.12","0.19.12"
"@esbuild/sunos-x64","npm","0.20.2","0.20.2"
"@esbuild/sunos-x64","npm","0.21.5","0.21.5"
"@esbuild/sunos-x64","npm","0.23.1","0.23.1"
"@esbuild/win32-arm64","npm","0.18.20","0.18.20"
"@esbuild/win32-arm64","npm","0.19.12","0.19.12"
"@esbuild/win32-arm64","npm","0.20.2","0.20.2"
"@esbuild/win32-arm64","npm","0.21.5","0.21.5"
"@esbuild/win32-arm64","npm","0.23.1","0.23.1"
"@esbuild/win32-ia32","npm","0.18.20","0.18.20"
"@esbuild/win32-ia32","npm","0.19.12","0.19.12"
"@esbuild/win32-ia32","npm","0.20.2","0.20.2"
"@esbuild/win32-ia32","npm","0.21.5","0.21.5"
"@esbuild/win32-ia32","npm","0.23.1","0.23.1"
"@esbuild/win32-x64","npm","0.18.20","0.18.20"
"@esbuild/win32-x64","npm","0.19.12","0.19.12"
"@esbuild/win32-x64","npm","0.20.2","0.20.2"
"@esbuild/win32-x64","npm","0.21.5","0.21.5"
"@esbuild/win32-x64","npm","0.23.1","0.23.1"
"@eslint-community/eslint-utils","npm","^4.2.0","4.4.0"
"@eslint-community/eslint-utils","npm","^4.4.0","4.4.0"
"@eslint-community/regexpp","npm","^4.5.1","4.10.0"
"@eslint-community/regexpp","npm","^4.6.1","4.10.0"
"@eslint/eslintrc","npm","^0.4.3","0.4.3"
"@eslint/eslintrc","npm","^2.1.4","2.1.4"
"@eslint/js","npm","8.57.0","8.57.0"
"@eslint/js","npm","8.57.1","8.57.1"
"@exodus/schemasafe","npm","^1.0.0-rc.2","1.3.0"
"@floating-ui/core","npm","^1.0.0","1.6.1"
"@floating-ui/dom","npm","^1.0.0","1.6.5"
"@floating-ui/react-dom","npm","^2.0.0","2.0.9"
"@floating-ui/utils","npm","^0.2.0","0.2.2"
"@formatjs/ecma402-abstract","npm","1.18.2","1.18.2"
"@formatjs/fast-memoize","npm","2.2.0","2.2.0"
"@formatjs/icu-messageformat-parser","npm","2.7.6","2.7.6"
"@formatjs/icu-skeleton-parser","npm","1.8.0","1.8.0"
"@formatjs/intl-localematcher","npm","0.5.4","0.5.4"
"@graphql-codegen/core","npm","^4.0.2","4.0.2"
"@graphql-codegen/plugin-helpers","npm","^5.0.3","5.0.4"
"@graphql-codegen/plugin-helpers","npm","^5.0.4","5.0.4"
"@graphql-codegen/schema-ast","npm","^4.0.2","4.1.0"
"@graphql-codegen/typescript","npm","^4.0.9","4.0.9"
"@graphql-codegen/visitor-plugin-common","npm","5.3.1","5.3.1"
"@graphql-tools/merge","npm","^9.0.3","9.0.4"
"@graphql-tools/merge","npm","^9.0.6","9.0.7"
"@graphql-tools/merge","npm","^9.0.7","9.0.7"
"@graphql-tools/optimize","npm","^2.0.0","2.0.0"
"@graphql-tools/relay-operation-optimizer","npm","^7.0.0","7.0.1"
"@graphql-tools/schema","npm","^10.0.0","10.0.3"
"@graphql-tools/schema","npm","^10.0.6","10.0.6"
"@graphql-tools/utils","npm","^10.0.0","10.5.4"
"@graphql-tools/utils","npm","^10.0.13","10.2.0"
"@graphql-tools/utils","npm","^10.5.4","10.5.4"
"@graphql-typed-document-node/core","npm","^3.1.1","3.2.0"
"@grpc/grpc-js","npm","^1.7.1","1.11.2"
"@grpc/proto-loader","npm","^0.7.13","0.7.13"
"@hapi/hoek","npm","^9.0.0","9.3.0"
"@hapi/hoek","npm","^9.3.0","9.3.0"
"@hapi/topo","npm","^5.1.0","5.1.0"
"@hookform/error-message","npm","^2.0.1","2.0.1"
"@hookform/resolvers","npm","3.4.2","3.4.2"
"@humanwhocodes/config-array","npm","^0.11.14","0.11.14"
"@humanwhocodes/config-array","npm","^0.13.0","0.13.0"
"@humanwhocodes/config-array","npm","^0.5.0","0.5.0"
"@humanwhocodes/module-importer","npm","^1.0.1","1.0.1"
"@humanwhocodes/momoa","npm","^2.0.3","2.0.4"
"@humanwhocodes/object-schema","npm","^1.2.0","1.2.1"
"@humanwhocodes/object-schema","npm","^2.0.2","2.0.3"
"@humanwhocodes/object-schema","npm","^2.0.3","2.0.3"
"@inquirer/checkbox","npm","^2.3.11","2.3.11"
"@inquirer/confirm","npm","^3.0.0","3.1.7"
"@inquirer/core","npm","^8.2.0","8.2.0"
"@inquirer/core","npm","^9.0.10","9.0.10"
"@inquirer/core","npm","^9.0.3","9.0.3"
"@inquirer/figures","npm","^1.0.1","1.0.1"
"@inquirer/figures","npm","^1.0.3","1.0.6"
"@inquirer/figures","npm","^1.0.4","1.0.4"
"@inquirer/figures","npm","^1.0.5","1.0.5"
"@inquirer/input","npm","^2.2.9","2.2.9"
"@inquirer/type","npm","^1.3.1","1.3.1"
"@inquirer/type","npm","^1.5.0","1.5.0"
"@inquirer/type","npm","^1.5.2","1.5.2"
"@internationalized/date","npm","^3.5.4","3.5.4"
"@internationalized/message","npm","^3.1.4","3.1.4"
"@internationalized/number","npm","^3.5.3","3.5.3"
"@internationalized/string","npm","^3.2.3","3.2.3"
"@ioredis/commands","npm","^1.1.1","1.2.0"
"@isaacs/cliui","npm","^8.0.2","8.0.2"
"@istanbuljs/load-nyc-config","npm","^1.0.0","1.1.0"
"@istanbuljs/schema","npm","^0.1.2","0.1.3"
"@istanbuljs/schema","npm","^0.1.3","0.1.3"
"@jercle/yargonaut","npm","^1.1.5","1.1.5"
"@jercle/yargonaut","npm","1.1.5","1.1.5"
"@jest/console","npm","^29.7.0","29.7.0"
"@jest/core","npm","^29.7.0","29.7.0"
"@jest/create-cache-key-function","npm","^29.7.0","29.7.0"
"@jest/environment","npm","^29.7.0","29.7.0"
"@jest/expect","npm","^29.7.0","29.7.0"
"@jest/expect-utils","npm","^29.7.0","29.7.0"
"@jest/fake-timers","npm","^29.7.0","29.7.0"
"@jest/globals","npm","^29.7.0","29.7.0"
"@jest/reporters","npm","^29.7.0","29.7.0"
"@jest/schemas","npm","^29.6.3","29.6.3"
"@jest/source-map","npm","^29.6.3","29.6.3"
"@jest/test-result","npm","^29.7.0","29.7.0"
"@jest/test-sequencer","npm","^29.7.0","29.7.0"
"@jest/transform","npm","^29.7.0","29.7.0"
"@jest/types","npm","^29.6.3","29.6.3"
"@joshwooding/vite-plugin-react-docgen-typescript","npm","0.3.0","0.3.0"
"@jridgewell/gen-mapping","npm","^0.3.2","0.3.5"
"@jridgewell/gen-mapping","npm","^0.3.5","0.3.5"
"@jridgewell/resolve-uri","npm","^3.0.3","3.1.2"
"@jridgewell/resolve-uri","npm","^3.1.0","3.1.2"
"@jridgewell/set-array","npm","^1.2.1","1.2.1"
"@jridgewell/source-map","npm","^0.3.3","0.3.6"
"@jridgewell/sourcemap-codec","npm","^1.4.10","1.4.15"
"@jridgewell/sourcemap-codec","npm","^1.4.13","1.4.15"
"@jridgewell/sourcemap-codec","npm","^1.4.14","1.4.15"
"@jridgewell/sourcemap-codec","npm","^1.4.15","1.4.15"
"@jridgewell/sourcemap-codec","npm","^1.5.0","1.5.0"
"@jridgewell/trace-mapping","npm","^0.3.12","0.3.25"
"@jridgewell/trace-mapping","npm","^0.3.18","0.3.25"
"@jridgewell/trace-mapping","npm","^0.3.24","0.3.25"
"@jridgewell/trace-mapping","npm","^0.3.25","0.3.25"
"@jridgewell/trace-mapping","npm","0.3.9","0.3.9"
"@js-sdsl/ordered-map","npm","^4.4.2","4.4.2"
"@jsdevtools/ono","npm","^7.1.3","7.1.3"
"@juggle/resize-observer","npm","^3.3.1","3.4.0"
"@manypkg/find-root","npm","^1.1.0","1.1.0"
"@manypkg/get-packages","npm","^1.1.3","1.1.3"
"@mdn/browser-compat-data","npm","^5.3.7","5.5.25"
"@mdx-js/react","npm","^3.0.0","3.0.1"
"@medusajs/admin-bundler","","^2.0.7","0.0.0-use.local"
"@medusajs/admin-bundler","workspace","packages/admin/admin-bundler","0.0.0-use.local"
"@medusajs/admin-sdk","workspace","packages/admin/admin-sdk","0.0.0-use.local"
"@medusajs/admin-shared","","^2.0.7","0.0.0-use.local"
"@medusajs/admin-shared","","2.0.7","0.0.0-use.local"
"@medusajs/admin-shared","workspace","packages/admin/admin-shared","0.0.0-use.local"
"@medusajs/admin-vite-plugin","","2.0.7","0.0.0-use.local"
"@medusajs/admin-vite-plugin","workspace","packages/admin/admin-vite-plugin","0.0.0-use.local"
"@medusajs/api-key","workspace","^","0.0.0-use.local"
"@medusajs/api-key","","^2.0.7","0.0.0-use.local"
"@medusajs/api-key","workspace","packages/modules/api-key","0.0.0-use.local"
"@medusajs/auth","workspace","*","0.0.0-use.local"
"@medusajs/auth","","^2.0.7","0.0.0-use.local"
"@medusajs/auth","workspace","packages/modules/auth","0.0.0-use.local"
"@medusajs/auth-emailpass","","^2.0.7","0.0.0-use.local"
"@medusajs/auth-emailpass","workspace","packages/modules/providers/auth-emailpass","0.0.0-use.local"
"@medusajs/auth-github","","^2.0.7","0.0.0-use.local"
"@medusajs/auth-github","workspace","packages/modules/providers/auth-github","0.0.0-use.local"
"@medusajs/auth-google","","^2.0.7","0.0.0-use.local"
"@medusajs/auth-google","workspace","packages/modules/providers/auth-google","0.0.0-use.local"
"@medusajs/cache-inmemory","workspace","*","0.0.0-use.local"
"@medusajs/cache-inmemory","","^2.0.7","0.0.0-use.local"
"@medusajs/cache-inmemory","workspace","packages/modules/cache-inmemory","0.0.0-use.local"
"@medusajs/cache-redis","","^2.0.7","0.0.0-use.local"
"@medusajs/cache-redis","workspace","packages/modules/cache-redis","0.0.0-use.local"
"@medusajs/cart","","^2.0.7","0.0.0-use.local"
"@medusajs/cart","workspace","packages/modules/cart","0.0.0-use.local"
"@medusajs/cli","","^2.0.7","0.0.0-use.local"
"@medusajs/cli","workspace","packages/cli/medusa-cli","0.0.0-use.local"
"@medusajs/core-flows","workspace","*","0.0.0-use.local"
"@medusajs/core-flows","workspace","^","0.0.0-use.local"
"@medusajs/core-flows","","^2.0.7","0.0.0-use.local"
"@medusajs/core-flows","workspace","packages/core/core-flows","0.0.0-use.local"
"@medusajs/currency","workspace","^","0.0.0-use.local"
"@medusajs/currency","","^2.0.7","0.0.0-use.local"
"@medusajs/currency","workspace","packages/modules/currency","0.0.0-use.local"
"@medusajs/customer","workspace","^","0.0.0-use.local"
"@medusajs/customer","","^2.0.7","0.0.0-use.local"
"@medusajs/customer","workspace","packages/modules/customer","0.0.0-use.local"
"@medusajs/dashboard","","2.0.7","0.0.0-use.local"
"@medusajs/dashboard","workspace","packages/admin/dashboard","0.0.0-use.local"
"@medusajs/event-bus-local","workspace","*","0.0.0-use.local"
"@medusajs/event-bus-local","","^2.0.7","0.0.0-use.local"
"@medusajs/event-bus-local","workspace","packages/modules/event-bus-local","0.0.0-use.local"
"@medusajs/event-bus-redis","","^2.0.7","0.0.0-use.local"
"@medusajs/event-bus-redis","workspace","packages/modules/event-bus-redis","0.0.0-use.local"
"@medusajs/file","","^2.0.7","0.0.0-use.local"
"@medusajs/file","workspace","packages/modules/file","0.0.0-use.local"
"@medusajs/file-local","","^2.0.7","0.0.0-use.local"
"@medusajs/file-local","workspace","packages/modules/providers/file-local","0.0.0-use.local"
"@medusajs/file-s3","","^2.0.7","0.0.0-use.local"
"@medusajs/file-s3","workspace","packages/modules/providers/file-s3","0.0.0-use.local"
"@medusajs/framework","workspace","^","0.0.0-use.local"
"@medusajs/framework","","^2.0.7","0.0.0-use.local"
"@medusajs/framework","workspace","packages/core/framework","0.0.0-use.local"
"@medusajs/fulfillment","workspace","^","0.0.0-use.local"
"@medusajs/fulfillment","","^2.0.7","0.0.0-use.local"
"@medusajs/fulfillment","workspace","packages/modules/fulfillment","0.0.0-use.local"
"@medusajs/fulfillment-manual","workspace","^","0.0.0-use.local"
"@medusajs/fulfillment-manual","","^2.0.7","0.0.0-use.local"
"@medusajs/fulfillment-manual","workspace","packages/modules/providers/fulfillment-manual","0.0.0-use.local"
"@medusajs/icons","","^2.0.1","0.0.0-use.local"
"@medusajs/icons","","2.0.7","0.0.0-use.local"
"@medusajs/icons","workspace","packages/design-system/icons","0.0.0-use.local"
"@medusajs/index","","^2.0.7","0.0.0-use.local"
"@medusajs/index","workspace","packages/modules/index","0.0.0-use.local"
"@medusajs/inventory","workspace","^","0.0.0-use.local"
"@medusajs/inventory","","^2.0.7","0.0.0-use.local"
"@medusajs/inventory","workspace","packages/modules/inventory","0.0.0-use.local"
"@medusajs/js-sdk","","2.0.7","0.0.0-use.local"
"@medusajs/js-sdk","workspace","packages/core/js-sdk","0.0.0-use.local"
"@medusajs/link-modules","workspace","^","0.0.0-use.local"
"@medusajs/link-modules","","^2.0.7","0.0.0-use.local"
"@medusajs/link-modules","workspace","packages/modules/link-modules","0.0.0-use.local"
"@medusajs/locking","","^2.0.7","0.0.0-use.local"
"@medusajs/locking","workspace","packages/modules/locking","0.0.0-use.local"
"@medusajs/locking-postgres","","^2.0.7","0.0.0-use.local"
"@medusajs/locking-postgres","workspace","packages/modules/providers/locking-postgres","0.0.0-use.local"
"@medusajs/locking-redis","","^2.0.7","0.0.0-use.local"
"@medusajs/locking-redis","workspace","packages/modules/providers/locking-redis","0.0.0-use.local"
"@medusajs/medusa","workspace","*","0.0.0-use.local"
"@medusajs/medusa","","^2.0.7","0.0.0-use.local"
"@medusajs/medusa","workspace","packages/medusa","0.0.0-use.local"
"@medusajs/medusa-oas-cli","","2.0.7","0.0.0-use.local"
"@medusajs/medusa-oas-cli","workspace","packages/cli/oas/medusa-oas-cli","0.0.0-use.local"
"@medusajs/modules-sdk","workspace","^","0.0.0-use.local"
"@medusajs/modules-sdk","","^2.0.7","0.0.0-use.local"
"@medusajs/modules-sdk","workspace","packages/core/modules-sdk","0.0.0-use.local"
"@medusajs/notification","","^2.0.7","0.0.0-use.local"
"@medusajs/notification","workspace","packages/modules/notification","0.0.0-use.local"
"@medusajs/notification-local","","^2.0.7","0.0.0-use.local"
"@medusajs/notification-local","workspace","packages/modules/providers/notification-local","0.0.0-use.local"
"@medusajs/notification-sendgrid","","^2.0.7","0.0.0-use.local"
"@medusajs/notification-sendgrid","workspace","packages/modules/providers/notification-sendgrid","0.0.0-use.local"
"@medusajs/oas-github-ci","workspace","packages/cli/oas/oas-github-ci","0.0.0-use.local"
"@medusajs/orchestration","","^2.0.7","0.0.0-use.local"
"@medusajs/orchestration","workspace","packages/core/orchestration","0.0.0-use.local"
"@medusajs/order","","^2.0.7","0.0.0-use.local"
"@medusajs/order","workspace","packages/modules/order","0.0.0-use.local"
"@medusajs/payment","workspace","^","0.0.0-use.local"
"@medusajs/payment","","^2.0.7","0.0.0-use.local"
"@medusajs/payment","workspace","packages/modules/payment","0.0.0-use.local"
"@medusajs/payment-stripe","","^2.0.7","0.0.0-use.local"
"@medusajs/payment-stripe","workspace","packages/modules/providers/payment-stripe","0.0.0-use.local"
"@medusajs/pricing","workspace","^","0.0.0-use.local"
"@medusajs/pricing","","^2.0.7","0.0.0-use.local"
"@medusajs/pricing","workspace","packages/modules/pricing","0.0.0-use.local"
"@medusajs/product","workspace","^","0.0.0-use.local"
"@medusajs/product","","^2.0.7","0.0.0-use.local"
"@medusajs/product","workspace","packages/modules/product","0.0.0-use.local"
"@medusajs/promotion","workspace","^","0.0.0-use.local"
"@medusajs/promotion","","^2.0.7","0.0.0-use.local"
"@medusajs/promotion","workspace","packages/modules/promotion","0.0.0-use.local"
"@medusajs/region","workspace","^","0.0.0-use.local"
"@medusajs/region","","^2.0.7","0.0.0-use.local"
"@medusajs/region","workspace","packages/modules/region","0.0.0-use.local"
"@medusajs/sales-channel","","^2.0.7","0.0.0-use.local"
"@medusajs/sales-channel","workspace","packages/modules/sales-channel","0.0.0-use.local"
"@medusajs/stock-location","workspace","^","0.0.0-use.local"
"@medusajs/stock-location","","^2.0.7","0.0.0-use.local"
"@medusajs/stock-location","workspace","packages/modules/stock-location","0.0.0-use.local"
"@medusajs/store","workspace","^","0.0.0-use.local"
"@medusajs/store","","^2.0.7","0.0.0-use.local"
"@medusajs/store","workspace","packages/modules/store","0.0.0-use.local"
"@medusajs/tax","workspace","^","0.0.0-use.local"
"@medusajs/tax","","^2.0.7","0.0.0-use.local"
"@medusajs/tax","workspace","packages/modules/tax","0.0.0-use.local"
"@medusajs/telemetry","","^2.0.7","0.0.0-use.local"
"@medusajs/telemetry","workspace","packages/medusa-telemetry","0.0.0-use.local"
"@medusajs/test-utils","workspace","*","0.0.0-use.local"
"@medusajs/test-utils","","^2.0.7","0.0.0-use.local"
"@medusajs/test-utils","workspace","packages/medusa-test-utils","0.0.0-use.local"
"@medusajs/toolbox","","^2.0.7","0.0.0-use.local"
"@medusajs/toolbox","workspace","packages/design-system/toolbox","0.0.0-use.local"
"@medusajs/types","workspace","^","0.0.0-use.local"
"@medusajs/types","","^2.0.7","0.0.0-use.local"
"@medusajs/types","","2.0.7","0.0.0-use.local"
"@medusajs/types","workspace","packages/core/types","0.0.0-use.local"
"@medusajs/ui","","4.0.1","0.0.0-use.local"
"@medusajs/ui","workspace","packages/design-system/ui","0.0.0-use.local"
"@medusajs/ui-preset","","^2.0.1","0.0.0-use.local"
"@medusajs/ui-preset","","2.0.7","0.0.0-use.local"
"@medusajs/ui-preset","workspace","packages/design-system/ui-preset","0.0.0-use.local"
"@medusajs/user","workspace","^","0.0.0-use.local"
"@medusajs/user","","^2.0.7","0.0.0-use.local"
"@medusajs/user","workspace","packages/modules/user","0.0.0-use.local"
"@medusajs/utils","workspace","^","0.0.0-use.local"
"@medusajs/utils","","^2.0.7","0.0.0-use.local"
"@medusajs/utils","","2.0.7","0.0.0-use.local"
"@medusajs/utils","workspace","packages/core/utils","0.0.0-use.local"
"@medusajs/workflow-engine-inmemory","workspace","*","0.0.0-use.local"
"@medusajs/workflow-engine-inmemory","","^2.0.7","0.0.0-use.local"
"@medusajs/workflow-engine-inmemory","workspace","packages/modules/workflow-engine-inmemory","0.0.0-use.local"
"@medusajs/workflow-engine-redis","","^2.0.7","0.0.0-use.local"
"@medusajs/workflow-engine-redis","workspace","packages/modules/workflow-engine-redis","0.0.0-use.local"
"@medusajs/workflows-sdk","","^2.0.7","0.0.0-use.local"
"@medusajs/workflows-sdk","workspace","packages/core/workflows-sdk","0.0.0-use.local"
"@mikro-orm/cli","npm","5.9.7","5.9.7"
"@mikro-orm/core","npm","5.9.7","5.9.7"
"@mikro-orm/knex","npm","5.9.7","5.9.7"
"@mikro-orm/migrations","npm","5.9.7","5.9.7"
"@mikro-orm/postgresql","npm","5.9.7","5.9.7"
"@msgpackr-extract/msgpackr-extract-darwin-arm64","npm","3.0.2","3.0.2"
"@msgpackr-extract/msgpackr-extract-darwin-x64","npm","3.0.2","3.0.2"
"@msgpackr-extract/msgpackr-extract-linux-arm","npm","3.0.2","3.0.2"
"@msgpackr-extract/msgpackr-extract-linux-arm64","npm","3.0.2","3.0.2"
"@msgpackr-extract/msgpackr-extract-linux-x64","npm","3.0.2","3.0.2"
"@msgpackr-extract/msgpackr-extract-win32-x64","npm","3.0.2","3.0.2"
"@mswjs/cookies","npm","^1.1.0","1.1.0"
"@mswjs/interceptors","npm","^0.29.0","0.29.1"
"@nodelib/fs.scandir","npm","2.1.5","2.1.5"
"@nodelib/fs.stat","npm","^2.0.2","2.0.5"
"@nodelib/fs.stat","npm","2.0.5","2.0.5"
"@nodelib/fs.walk","npm","^1.2.3","1.2.8"
"@nodelib/fs.walk","npm","^1.2.8","1.2.8"
"@npmcli/agent","npm","^2.0.0","2.2.2"
"@npmcli/fs","npm","^3.1.0","3.1.0"
"@oclif/command","npm","^1","1.8.36"
"@oclif/command","npm","^1.8.15","1.8.36"
"@oclif/config","npm","^1","1.18.17"
"@oclif/config","npm","^1.18.2","1.18.17"
"@oclif/config","npm","1.18.16","1.18.16"
"@oclif/config","npm","1.18.2","1.18.2"
"@oclif/errors","npm","^1.3.3","1.3.6"
"@oclif/errors","npm","^1.3.5","1.3.6"
"@oclif/errors","npm","^1.3.6","1.3.6"
"@oclif/errors","npm","1.3.5","1.3.5"
"@oclif/errors","npm","1.3.6","1.3.6"
"@oclif/help","npm","^1.0.1","1.0.15"
"@oclif/linewrap","npm","^1.0.0","1.0.0"
"@oclif/parser","npm","^3.8.0","3.8.17"
"@oclif/parser","npm","^3.8.16","3.8.17"
"@oclif/parser","npm","^3.8.17","3.8.17"
"@oclif/plugin-help","npm","^3","3.3.1"
"@oclif/screen","npm","^1.0.4","1.0.4"
"@open-draft/deferred-promise","npm","^2.2.0","2.2.0"
"@open-draft/logger","npm","^0.3.0","0.3.0"
"@open-draft/until","npm","^2.0.0","2.1.0"
"@open-draft/until","npm","^2.1.0","2.1.0"
"@opentelemetry/api","npm","^1.0.0","1.9.0"
"@opentelemetry/api","npm","^1.9.0","1.9.0"
"@opentelemetry/api-logs","npm","0.53.0","0.53.0"
"@opentelemetry/context-async-hooks","npm","1.26.0","1.26.0"
"@opentelemetry/core","npm","^1.1.0","1.26.0"
"@opentelemetry/core","npm","1.26.0","1.26.0"
"@opentelemetry/exporter-logs-otlp-grpc","npm","0.53.0","0.53.0"
"@opentelemetry/exporter-logs-otlp-http","npm","0.53.0","0.53.0"
"@opentelemetry/exporter-logs-otlp-proto","npm","0.53.0","0.53.0"
"@opentelemetry/exporter-trace-otlp-grpc","npm","0.53.0","0.53.0"
"@opentelemetry/exporter-trace-otlp-http","npm","0.53.0","0.53.0"
"@opentelemetry/exporter-trace-otlp-proto","npm","0.53.0","0.53.0"
"@opentelemetry/exporter-zipkin","npm","1.26.0","1.26.0"
"@opentelemetry/instrumentation","npm","^0.53.0","0.53.0"
"@opentelemetry/instrumentation","npm","0.53.0","0.53.0"
"@opentelemetry/instrumentation-pg","npm","^0.44.0","0.44.0"
"@opentelemetry/otlp-exporter-base","npm","0.53.0","0.53.0"
"@opentelemetry/otlp-grpc-exporter-base","npm","0.53.0","0.53.0"
"@opentelemetry/otlp-transformer","npm","0.53.0","0.53.0"
"@opentelemetry/propagator-b3","npm","1.26.0","1.26.0"
"@opentelemetry/propagator-jaeger","npm","1.26.0","1.26.0"
"@opentelemetry/resources","npm","^1.26.0","1.26.0"
"@opentelemetry/resources","npm","1.26.0","1.26.0"
"@opentelemetry/sdk-logs","npm","0.53.0","0.53.0"
"@opentelemetry/sdk-metrics","npm","1.26.0","1.26.0"
"@opentelemetry/sdk-node","npm","^0.53.0","0.53.0"
"@opentelemetry/sdk-trace-base","npm","1.26.0","1.26.0"
"@opentelemetry/sdk-trace-node","npm","^1.26.0","1.26.0"
"@opentelemetry/sdk-trace-node","npm","1.26.0","1.26.0"
"@opentelemetry/semantic-conventions","npm","^1.27.0","1.27.0"
"@opentelemetry/semantic-conventions","npm","1.27.0","1.27.0"
"@opentelemetry/sql-common","npm","^0.40.1","0.40.1"
"@pkgjs/parseargs","npm","^0.11.0","0.11.0"
"@polka/url","npm","^1.0.0-next.24","1.0.0-next.27"
"@protobufjs/aspromise","npm","^1.1.1","1.1.2"
"@protobufjs/aspromise","npm","^1.1.2","1.1.2"
"@protobufjs/base64","npm","^1.1.2","1.1.2"
"@protobufjs/codegen","npm","^2.0.4","2.0.4"
"@protobufjs/eventemitter","npm","^1.1.0","1.1.0"
"@protobufjs/fetch","npm","^1.1.0","1.1.0"
"@protobufjs/float","npm","^1.0.2","1.0.2"
"@protobufjs/inquire","npm","^1.1.0","1.1.0"
"@protobufjs/path","npm","^1.1.2","1.1.2"
"@protobufjs/pool","npm","^1.1.0","1.1.0"
"@protobufjs/utf8","npm","^1.1.0","1.1.0"
"@radix-ui/number","npm","1.0.1","1.0.1"
"@radix-ui/number","npm","1.1.0","1.1.0"
"@radix-ui/primitive","npm","1.0.0","1.0.0"
"@radix-ui/primitive","npm","1.0.1","1.0.1"
"@radix-ui/primitive","npm","1.1.0","1.1.0"
"@radix-ui/react-accordion","npm","1.2.0","1.2.0"
"@radix-ui/react-alert-dialog","npm","1.1.1","1.1.1"
"@radix-ui/react-arrow","npm","1.0.3","1.0.3"
"@radix-ui/react-arrow","npm","1.1.0","1.1.0"
"@radix-ui/react-avatar","npm","1.1.0","1.1.0"
"@radix-ui/react-checkbox","npm","1.1.1","1.1.1"
"@radix-ui/react-collapsible","npm","1.1.0","1.1.0"
"@radix-ui/react-collection","npm","1.0.3","1.0.3"
"@radix-ui/react-collection","npm","1.1.0","1.1.0"
"@radix-ui/react-compose-refs","npm","1.0.0","1.0.0"
"@radix-ui/react-compose-refs","npm","1.0.1","1.0.1"
"@radix-ui/react-compose-refs","npm","1.1.0","1.1.0"
"@radix-ui/react-context","npm","1.0.0","1.0.0"
"@radix-ui/react-context","npm","1.0.1","1.0.1"
"@radix-ui/react-context","npm","1.1.0","1.1.0"
"@radix-ui/react-dialog","npm","1.0.0","1.0.0"
"@radix-ui/react-dialog","npm","1.1.1","1.1.1"
"@radix-ui/react-direction","npm","1.0.1","1.0.1"
"@radix-ui/react-direction","npm","1.1.0","1.1.0"
"@radix-ui/react-dismissable-layer","npm","1.0.0","1.0.0"
"@radix-ui/react-dismissable-layer","npm","1.0.4","1.0.4"
"@radix-ui/react-dismissable-layer","npm","1.1.0","1.1.0"
"@radix-ui/react-dropdown-menu","npm","2.1.1","2.1.1"
"@radix-ui/react-focus-guards","npm","1.0.0","1.0.0"
"@radix-ui/react-focus-guards","npm","1.0.1","1.0.1"
"@radix-ui/react-focus-guards","npm","1.1.0","1.1.0"
"@radix-ui/react-focus-scope","npm","1.0.0","1.0.0"
"@radix-ui/react-focus-scope","npm","1.0.3","1.0.3"
"@radix-ui/react-focus-scope","npm","1.1.0","1.1.0"
"@radix-ui/react-id","npm","1.0.0","1.0.0"
"@radix-ui/react-id","npm","1.0.1","1.0.1"
"@radix-ui/react-id","npm","1.1.0","1.1.0"
"@radix-ui/react-label","npm","2.1.0","2.1.0"
"@radix-ui/react-menu","npm","2.1.1","2.1.1"
"@radix-ui/react-popover","npm","1.1.1","1.1.1"
"@radix-ui/react-popper","npm","1.1.2","1.1.2"
"@radix-ui/react-popper","npm","1.2.0","1.2.0"
"@radix-ui/react-portal","npm","1.0.0","1.0.0"
"@radix-ui/react-portal","npm","1.0.3","1.0.3"
"@radix-ui/react-portal","npm","1.1.1","1.1.1"
"@radix-ui/react-presence","npm","1.0.0","1.0.0"
"@radix-ui/react-presence","npm","1.1.0","1.1.0"
"@radix-ui/react-primitive","npm","1.0.0","1.0.0"
"@radix-ui/react-primitive","npm","1.0.3","1.0.3"
"@radix-ui/react-primitive","npm","2.0.0","2.0.0"
"@radix-ui/react-radio-group","npm","1.2.0","1.2.0"
"@radix-ui/react-roving-focus","npm","1.0.4","1.0.4"
"@radix-ui/react-roving-focus","npm","1.1.0","1.1.0"
"@radix-ui/react-select","npm","^1.2.2","1.2.2"
"@radix-ui/react-select","npm","2.1.1","2.1.1"
"@radix-ui/react-separator","npm","1.0.3","1.0.3"
"@radix-ui/react-slot","npm","1.0.0","1.0.0"
"@radix-ui/react-slot","npm","1.0.2","1.0.2"
"@radix-ui/react-slot","npm","1.1.0","1.1.0"
"@radix-ui/react-switch","npm","1.1.0","1.1.0"
"@radix-ui/react-tabs","npm","1.1.0","1.1.0"
"@radix-ui/react-toggle","npm","1.0.3","1.0.3"
"@radix-ui/react-toggle-group","npm","1.0.4","1.0.4"
"@radix-ui/react-toolbar","npm","^1.0.4","1.0.4"
"@radix-ui/react-tooltip","npm","1.1.2","1.1.2"
"@radix-ui/react-use-callback-ref","npm","1.0.0","1.0.0"
"@radix-ui/react-use-callback-ref","npm","1.0.1","1.0.1"
"@radix-ui/react-use-callback-ref","npm","1.1.0","1.1.0"
"@radix-ui/react-use-controllable-state","npm","1.0.0","1.0.0"
"@radix-ui/react-use-controllable-state","npm","1.0.1","1.0.1"
"@radix-ui/react-use-controllable-state","npm","1.1.0","1.1.0"
"@radix-ui/react-use-escape-keydown","npm","1.0.0","1.0.0"
"@radix-ui/react-use-escape-keydown","npm","1.0.3","1.0.3"
"@radix-ui/react-use-escape-keydown","npm","1.1.0","1.1.0"
"@radix-ui/react-use-layout-effect","npm","1.0.0","1.0.0"
"@radix-ui/react-use-layout-effect","npm","1.0.1","1.0.1"
"@radix-ui/react-use-layout-effect","npm","1.1.0","1.1.0"
"@radix-ui/react-use-previous","npm","1.0.1","1.0.1"
"@radix-ui/react-use-previous","npm","1.1.0","1.1.0"
"@radix-ui/react-use-rect","npm","1.0.1","1.0.1"
"@radix-ui/react-use-rect","npm","1.1.0","1.1.0"
"@radix-ui/react-use-size","npm","1.0.1","1.0.1"
"@radix-ui/react-use-size","npm","1.1.0","1.1.0"
"@radix-ui/react-visually-hidden","npm","1.0.3","1.0.3"
"@radix-ui/react-visually-hidden","npm","1.1.0","1.1.0"
"@radix-ui/rect","npm","1.0.1","1.0.1"
"@radix-ui/rect","npm","1.1.0","1.1.0"
"@react-aria/breadcrumbs","npm","^3.5.13","3.5.13"
"@react-aria/button","npm","^3.9.5","3.9.5"
"@react-aria/calendar","npm","^3.5.8","3.5.8"
"@react-aria/checkbox","npm","^3.14.3","3.14.3"
"@react-aria/combobox","npm","^3.9.1","3.9.1"
"@react-aria/datepicker","npm","^3.10.1","3.10.1"
"@react-aria/dialog","npm","^3.5.14","3.5.14"
"@react-aria/dnd","npm","^3.6.1","3.6.1"
"@react-aria/focus","npm","^3.17.1","3.17.1"
"@react-aria/form","npm","^3.0.5","3.0.5"
"@react-aria/grid","npm","^3.9.1","3.9.1"
"@react-aria/gridlist","npm","^3.8.1","3.8.1"
"@react-aria/i18n","npm","^3.11.1","3.11.1"
"@react-aria/interactions","npm","^3.21.3","3.21.3"
"@react-aria/label","npm","^3.7.8","3.7.8"
"@react-aria/link","npm","^3.7.1","3.7.1"
"@react-aria/listbox","npm","^3.12.1","3.12.1"
"@react-aria/live-announcer","npm","^3.3.4","3.3.4"
"@react-aria/menu","npm","^3.14.1","3.14.1"
"@react-aria/meter","npm","^3.4.13","3.4.13"
"@react-aria/numberfield","npm","^3.11.3","3.11.3"
"@react-aria/overlays","npm","^3.22.1","3.22.1"
"@react-aria/progress","npm","^3.4.13","3.4.13"
"@react-aria/radio","npm","^3.10.4","3.10.4"
"@react-aria/searchfield","npm","^3.7.5","3.7.5"
"@react-aria/select","npm","^3.14.5","3.14.5"
"@react-aria/selection","npm","^3.18.1","3.18.1"
"@react-aria/separator","npm","^3.3.13","3.3.13"
"@react-aria/slider","npm","^3.7.8","3.7.8"
"@react-aria/spinbutton","npm","^3.6.5","3.6.5"
"@react-aria/ssr","npm","^3.9.4","3.9.4"
"@react-aria/switch","npm","^3.6.4","3.6.4"
"@react-aria/table","npm","^3.14.1","3.14.1"
"@react-aria/tabs","npm","^3.9.1","3.9.1"
"@react-aria/tag","npm","^3.4.1","3.4.1"
"@react-aria/textfield","npm","^3.14.5","3.14.5"
"@react-aria/toggle","npm","^3.10.4","3.10.4"
"@react-aria/tooltip","npm","^3.7.4","3.7.4"
"@react-aria/utils","npm","^3.24.1","3.24.1"
"@react-aria/visually-hidden","npm","^3.8.12","3.8.12"
"@react-stately/calendar","npm","^3.5.1","3.5.1"
"@react-stately/checkbox","npm","^3.6.5","3.6.5"
"@react-stately/collections","npm","^3.10.7","3.10.7"
"@react-stately/combobox","npm","^3.8.4","3.8.4"
"@react-stately/data","npm","^3.11.4","3.11.4"
"@react-stately/datepicker","npm","^3.9.4","3.9.4"
"@react-stately/dnd","npm","^3.3.1","3.3.1"
"@react-stately/flags","npm","^3.0.3","3.0.3"
"@react-stately/form","npm","^3.0.3","3.0.3"
"@react-stately/grid","npm","^3.8.7","3.8.7"
"@react-stately/list","npm","^3.10.5","3.10.5"
"@react-stately/menu","npm","^3.7.1","3.7.1"
"@react-stately/numberfield","npm","^3.9.3","3.9.3"
"@react-stately/overlays","npm","^3.6.7","3.6.7"
"@react-stately/radio","npm","^3.10.4","3.10.4"
"@react-stately/searchfield","npm","^3.5.3","3.5.3"
"@react-stately/select","npm","^3.6.4","3.6.4"
"@react-stately/selection","npm","^3.15.1","3.15.1"
"@react-stately/slider","npm","^3.5.4","3.5.4"
"@react-stately/table","npm","^3.11.8","3.11.8"
"@react-stately/tabs","npm","^3.6.6","3.6.6"
"@react-stately/toggle","npm","^3.7.4","3.7.4"
"@react-stately/tooltip","npm","^3.4.9","3.4.9"
"@react-stately/tree","npm","^3.8.1","3.8.1"
"@react-stately/utils","npm","^3.10.1","3.10.1"
"@react-stately/virtualizer","npm","^3.7.1","3.7.1"
"@react-types/breadcrumbs","npm","^3.7.5","3.7.5"
"@react-types/button","npm","^3.9.4","3.9.4"
"@react-types/calendar","npm","^3.4.6","3.4.6"
"@react-types/checkbox","npm","^3.8.1","3.8.1"
"@react-types/combobox","npm","^3.11.1","3.11.1"
"@react-types/datepicker","npm","^3.7.4","3.7.4"
"@react-types/dialog","npm","^3.5.10","3.5.10"
"@react-types/grid","npm","^3.2.6","3.2.6"
"@react-types/link","npm","^3.5.5","3.5.5"
"@react-types/listbox","npm","^3.4.9","3.4.9"
"@react-types/menu","npm","^3.9.9","3.9.9"
"@react-types/meter","npm","^3.4.1","3.4.1"
"@react-types/numberfield","npm","^3.8.3","3.8.3"
"@react-types/overlays","npm","^3.8.7","3.8.7"
"@react-types/progress","npm","^3.5.4","3.5.4"
"@react-types/radio","npm","^3.8.1","3.8.1"
"@react-types/searchfield","npm","^3.5.5","3.5.5"
"@react-types/select","npm","^3.9.4","3.9.4"
"@react-types/shared","npm","^3.23.1","3.23.1"
"@react-types/slider","npm","^3.7.3","3.7.3"
"@react-types/switch","npm","^3.5.3","3.5.3"
"@react-types/table","npm","^3.9.5","3.9.5"
"@react-types/tabs","npm","^3.3.7","3.3.7"
"@react-types/textfield","npm","^3.9.3","3.9.3"
"@react-types/tooltip","npm","^3.4.9","3.4.9"
"@readme/better-ajv-errors","npm","^1.6.0","1.6.0"
"@readme/json-schema-ref-parser","npm","^1.2.0","1.2.1"
"@readme/openapi-parser","npm","^2.4.0","2.6.0"
"@readme/openapi-schemas","npm","^3.1.0","3.1.0"
"@redocly/ajv","npm","^8.11.2","8.11.2"
"@redocly/cli","npm","^1.7.0","1.25.3"
"@redocly/config","npm","^0.11.0","0.11.0"
"@redocly/openapi-core","npm","^1.4.0","1.25.3"
"@redocly/openapi-core","npm","1.25.3","1.25.3"
"@remix-run/router","npm","1.13.1","1.13.1"
"@rollup/plugin-alias","npm","^3.1.1","3.1.9"
"@rollup/plugin-babel","npm","^5.2.2","5.3.1"
"@rollup/plugin-commonjs","npm","^17.0.0","17.1.0"
"@rollup/plugin-json","npm","^4.1.0","4.1.0"
"@rollup/plugin-node-resolve","npm","^11.0.1","11.2.1"
"@rollup/plugin-node-resolve","npm","^15.1.0","15.2.3"
"@rollup/plugin-replace","npm","^5.0.2","5.0.5"
"@rollup/pluginutils","npm","^3.0.8","3.1.0"
"@rollup/pluginutils","npm","^3.1.0","3.1.0"
"@rollup/pluginutils","npm","^5.0.1","5.1.0"
"@rollup/pluginutils","npm","^5.0.2","5.1.0"
"@rollup/pluginutils","npm","^5.1.0","5.1.0"
"@rollup/rollup-android-arm-eabi","npm","4.17.2","4.17.2"
"@rollup/rollup-android-arm-eabi","npm","4.24.0","4.24.0"
"@rollup/rollup-android-arm64","npm","4.17.2","4.17.2"
"@rollup/rollup-android-arm64","npm","4.24.0","4.24.0"
"@rollup/rollup-darwin-arm64","npm","4.17.2","4.17.2"
"@rollup/rollup-darwin-arm64","npm","4.24.0","4.24.0"
"@rollup/rollup-darwin-x64","npm","4.17.2","4.17.2"
"@rollup/rollup-darwin-x64","npm","4.24.0","4.24.0"
"@rollup/rollup-linux-arm-gnueabihf","npm","4.17.2","4.17.2"
"@rollup/rollup-linux-arm-gnueabihf","npm","4.24.0","4.24.0"
"@rollup/rollup-linux-arm-musleabihf","npm","4.17.2","4.17.2"
"@rollup/rollup-linux-arm-musleabihf","npm","4.24.0","4.24.0"
"@rollup/rollup-linux-arm64-gnu","npm","4.17.2","4.17.2"
"@rollup/rollup-linux-arm64-gnu","npm","4.24.0","4.24.0"
"@rollup/rollup-linux-arm64-musl","npm","4.17.2","4.17.2"
"@rollup/rollup-linux-arm64-musl","npm","4.24.0","4.24.0"
"@rollup/rollup-linux-powerpc64le-gnu","npm","4.17.2","4.17.2"
"@rollup/rollup-linux-powerpc64le-gnu","npm","4.24.0","4.24.0"
"@rollup/rollup-linux-riscv64-gnu","npm","4.17.2","4.17.2"
"@rollup/rollup-linux-riscv64-gnu","npm","4.24.0","4.24.0"
"@rollup/rollup-linux-s390x-gnu","npm","4.17.2","4.17.2"
"@rollup/rollup-linux-s390x-gnu","npm","4.24.0","4.24.0"
"@rollup/rollup-linux-x64-gnu","npm","4.17.2","4.17.2"
"@rollup/rollup-linux-x64-gnu","npm","4.24.0","4.24.0"
"@rollup/rollup-linux-x64-musl","npm","4.17.2","4.17.2"
"@rollup/rollup-linux-x64-musl","npm","4.24.0","4.24.0"
"@rollup/rollup-win32-arm64-msvc","npm","4.17.2","4.17.2"
"@rollup/rollup-win32-arm64-msvc","npm","4.24.0","4.24.0"
"@rollup/rollup-win32-ia32-msvc","npm","4.17.2","4.17.2"
"@rollup/rollup-win32-ia32-msvc","npm","4.24.0","4.24.0"
"@rollup/rollup-win32-x64-msvc","npm","4.17.2","4.17.2"
"@rollup/rollup-win32-x64-msvc","npm","4.24.0","4.24.0"
"@rushstack/node-core-library","npm","4.2.0","4.2.0"
"@rushstack/terminal","npm","0.10.2","0.10.2"
"@rushstack/ts-command-line","npm","^4.12.2","4.19.3"
"@sendgrid/client","npm","^8.1.3","8.1.3"
"@sendgrid/helpers","npm","^8.0.0","8.0.0"
"@sendgrid/mail","npm","^8.1.3","8.1.3"
"@sideway/address","npm","^4.1.5","4.1.5"
"@sideway/formula","npm","^3.0.1","3.0.1"
"@sideway/pinpoint","npm","^2.0.0","2.0.0"
"@sinclair/typebox","npm","^0.27.8","0.27.8"
"@sindresorhus/is","npm","^4.0.0","4.6.0"
"@sindresorhus/is","npm","^4.6.0","4.6.0"
"@sinonjs/commons","npm","^3.0.0","3.0.1"
"@sinonjs/fake-timers","npm","^10.0.2","10.3.0"
"@smithy/abort-controller","npm","^2.2.0","2.2.0"
"@smithy/chunked-blob-reader","npm","^2.2.0","2.2.0"
"@smithy/chunked-blob-reader-native","npm","^2.2.0","2.2.0"
"@smithy/config-resolver","npm","^2.2.0","2.2.0"
"@smithy/core","npm","^1.4.2","1.4.2"
"@smithy/credential-provider-imds","npm","^2.3.0","2.3.0"
"@smithy/eventstream-codec","npm","^2.2.0","2.2.0"
"@smithy/eventstream-serde-browser","npm","^2.2.0","2.2.0"
"@smithy/eventstream-serde-config-resolver","npm","^2.2.0","2.2.0"
"@smithy/eventstream-serde-node","npm","^2.2.0","2.2.0"
"@smithy/eventstream-serde-universal","npm","^2.2.0","2.2.0"
"@smithy/fetch-http-handler","npm","^2.5.0","2.5.0"
"@smithy/hash-blob-browser","npm","^2.2.0","2.2.0"
"@smithy/hash-node","npm","^2.2.0","2.2.0"
"@smithy/hash-stream-node","npm","^2.2.0","2.2.0"
"@smithy/invalid-dependency","npm","^2.2.0","2.2.0"
"@smithy/is-array-buffer","npm","^2.2.0","2.2.0"
"@smithy/md5-js","npm","^2.2.0","2.2.0"
"@smithy/middleware-content-length","npm","^2.2.0","2.2.0"
"@smithy/middleware-endpoint","npm","^2.5.1","2.5.1"
"@smithy/middleware-retry","npm","^2.3.1","2.3.1"
"@smithy/middleware-serde","npm","^2.3.0","2.3.0"
"@smithy/middleware-stack","npm","^2.2.0","2.2.0"
"@smithy/node-config-provider","npm","^2.3.0","2.3.0"
"@smithy/node-http-handler","npm","^2.5.0","2.5.0"
"@smithy/property-provider","npm","^2.2.0","2.2.0"
"@smithy/protocol-http","npm","^3.3.0","3.3.0"
"@smithy/querystring-builder","npm","^2.2.0","2.2.0"
"@smithy/querystring-parser","npm","^2.2.0","2.2.0"
"@smithy/service-error-classification","npm","^2.1.5","2.1.5"
"@smithy/shared-ini-file-loader","npm","^2.4.0","2.4.0"
"@smithy/signature-v4","npm","^2.3.0","2.3.0"
"@smithy/smithy-client","npm","^2.5.1","2.5.1"
"@smithy/types","npm","^2.12.0","2.12.0"
"@smithy/url-parser","npm","^2.2.0","2.2.0"
"@smithy/util-base64","npm","^2.3.0","2.3.0"
"@smithy/util-body-length-browser","npm","^2.2.0","2.2.0"
"@smithy/util-body-length-node","npm","^2.3.0","2.3.0"
"@smithy/util-buffer-from","npm","^2.2.0","2.2.0"
"@smithy/util-config-provider","npm","^2.3.0","2.3.0"
"@smithy/util-defaults-mode-browser","npm","^2.2.1","2.2.1"
"@smithy/util-defaults-mode-node","npm","^2.3.1","2.3.1"
"@smithy/util-endpoints","npm","^1.2.0","1.2.0"
"@smithy/util-hex-encoding","npm","^2.2.0","2.2.0"
"@smithy/util-middleware","npm","^2.2.0","2.2.0"
"@smithy/util-retry","npm","^2.2.0","2.2.0"
"@smithy/util-stream","npm","^2.2.0","2.2.0"
"@smithy/util-uri-escape","npm","^2.2.0","2.2.0"
"@smithy/util-utf8","npm","^2.3.0","2.3.0"
"@smithy/util-waiter","npm","^2.2.0","2.2.0"
"@storybook/addon-actions","npm","8.3.5","8.3.5"
"@storybook/addon-backgrounds","npm","8.3.5","8.3.5"
"@storybook/addon-controls","npm","8.3.5","8.3.5"
"@storybook/addon-docs","npm","8.3.5","8.3.5"
"@storybook/addon-essentials","npm","^8.3.5","8.3.5"
"@storybook/addon-highlight","npm","8.3.5","8.3.5"
"@storybook/addon-interactions","npm","^8.3.5","8.3.5"
"@storybook/addon-links","npm","^8.3.5","8.3.5"
"@storybook/addon-measure","npm","8.3.5","8.3.5"
"@storybook/addon-outline","npm","8.3.5","8.3.5"
"@storybook/addon-styling","npm","^1.3.7","1.3.7"
"@storybook/addon-toolbars","npm","8.3.5","8.3.5"
"@storybook/addon-viewport","npm","8.3.5","8.3.5"
"@storybook/api","npm","^7.0.12","7.6.19"
"@storybook/blocks","npm","^8.3.5","8.3.5"
"@storybook/blocks","npm","8.3.5","8.3.5"
"@storybook/builder-vite","npm","8.3.5","8.3.5"
"@storybook/channels","npm","7.6.19","7.6.19"
"@storybook/client-logger","npm","7.6.19","7.6.19"
"@storybook/components","npm","^7.0.12","7.6.19"
"@storybook/components","npm","^8.3.5","8.3.5"
"@storybook/core","npm","8.3.5","8.3.5"
"@storybook/core-common","npm","^7.0.12","7.6.19"
"@storybook/core-events","npm","^7.0.12","7.6.19"
"@storybook/core-events","npm","7.6.19","7.6.19"
"@storybook/csf","npm","^0.0.1","0.0.1"
"@storybook/csf","npm","^0.1.11","0.1.11"
"@storybook/csf","npm","^0.1.2","0.1.7"
"@storybook/csf-plugin","npm","8.3.5","8.3.5"
"@storybook/global","npm","^5.0.0","5.0.0"
"@storybook/icons","npm","^1.2.10","1.2.12"
"@storybook/instrumenter","npm","8.3.5","8.3.5"
"@storybook/manager-api","npm","^7.0.12","7.6.19"
"@storybook/manager-api","npm","^8.3.5","8.3.5"
"@storybook/manager-api","npm","7.6.19","7.6.19"
"@storybook/node-logger","npm","^7.0.12","7.6.19"
"@storybook/node-logger","npm","7.6.19","7.6.19"
"@storybook/preview-api","npm","^7.0.12","7.6.19"
"@storybook/preview-api","npm","^8.3.5","8.3.5"
"@storybook/react","npm","^8.3.5","8.3.5"
"@storybook/react","npm","8.3.5","8.3.5"
"@storybook/react-dom-shim","npm","8.3.5","8.3.5"
"@storybook/react-vite","npm","^8.3.5","8.3.5"
"@storybook/router","npm","7.6.19","7.6.19"
"@storybook/test","npm","8.3.5","8.3.5"
"@storybook/testing-library","npm","^0.2.2","0.2.2"
"@storybook/theming","npm","^7.0.12","7.6.19"
"@storybook/theming","npm","^8.3.5","8.3.5"
"@storybook/theming","npm","7.6.19","7.6.19"
"@storybook/types","npm","^7.0.12","7.6.19"
"@storybook/types","npm","7.6.19","7.6.19"
"@svgr/babel-plugin-add-jsx-attribute","npm","8.0.0","8.0.0"
"@svgr/babel-plugin-remove-jsx-attribute","npm","8.0.0","8.0.0"
"@svgr/babel-plugin-remove-jsx-empty-expression","npm","8.0.0","8.0.0"
"@svgr/babel-plugin-replace-jsx-attribute-value","npm","8.0.0","8.0.0"
"@svgr/babel-plugin-svg-dynamic-title","npm","8.0.0","8.0.0"
"@svgr/babel-plugin-svg-em-dimensions","npm","8.0.0","8.0.0"
"@svgr/babel-plugin-transform-react-native-svg","npm","8.0.0","8.0.0"
"@svgr/babel-plugin-transform-svg-component","npm","8.0.0","8.0.0"
"@svgr/babel-preset","npm","8.0.0","8.0.0"
"@svgr/core","npm","8.0.0","8.0.0"
"@svgr/hast-util-to-babel-ast","npm","8.0.0","8.0.0"
"@svgr/plugin-jsx","npm","8.0.1","8.0.1"
"@svgr/plugin-prettier","npm","8.0.1","8.0.1"
"@svgr/plugin-svgo","npm","8.0.1","8.0.1"
"@swc/core","npm","^1.4.8","1.5.3"
"@swc/core","npm","^1.7.28","1.7.28"
"@swc/core-darwin-arm64","npm","1.5.3","1.5.3"
"@swc/core-darwin-arm64","npm","1.7.28","1.7.28"
"@swc/core-darwin-x64","npm","1.5.3","1.5.3"
"@swc/core-darwin-x64","npm","1.7.28","1.7.28"
"@swc/core-linux-arm-gnueabihf","npm","1.5.3","1.5.3"
"@swc/core-linux-arm-gnueabihf","npm","1.7.28","1.7.28"
"@swc/core-linux-arm64-gnu","npm","1.5.3","1.5.3"
"@swc/core-linux-arm64-gnu","npm","1.7.28","1.7.28"
"@swc/core-linux-arm64-musl","npm","1.5.3","1.5.3"
"@swc/core-linux-arm64-musl","npm","1.7.28","1.7.28"
"@swc/core-linux-x64-gnu","npm","1.5.3","1.5.3"
"@swc/core-linux-x64-gnu","npm","1.7.28","1.7.28"
"@swc/core-linux-x64-musl","npm","1.5.3","1.5.3"
"@swc/core-linux-x64-musl","npm","1.7.28","1.7.28"
"@swc/core-win32-arm64-msvc","npm","1.5.3","1.5.3"
"@swc/core-win32-arm64-msvc","npm","1.7.28","1.7.28"
"@swc/core-win32-ia32-msvc","npm","1.5.3","1.5.3"
"@swc/core-win32-ia32-msvc","npm","1.7.28","1.7.28"
"@swc/core-win32-x64-msvc","npm","1.5.3","1.5.3"
"@swc/core-win32-x64-msvc","npm","1.7.28","1.7.28"
"@swc/counter","npm","^0.1.2","0.1.3"
"@swc/counter","npm","^0.1.3","0.1.3"
"@swc/helpers","npm","^0.5.0","0.5.11"
"@swc/helpers","npm","^0.5.11","0.5.11"
"@swc/jest","npm","^0.2.36","0.2.36"
"@swc/types","npm","^0.1.12","0.1.12"
"@swc/types","npm","^0.1.5","0.1.6"
"@szmarczak/http-timer","npm","^4.0.5","4.0.6"
"@tailwindcss/forms","npm","^0.5.3","0.5.7"
"@tanstack/query-core","npm","5.35.1","5.35.1"
"@tanstack/react-query","npm","^5.28.14","5.35.1"
"@tanstack/react-table","npm","8.20.5","8.20.5"
"@tanstack/react-virtual","npm","^3.8.3","3.8.3"
"@tanstack/table-core","npm","8.20.5","8.20.5"
"@tanstack/virtual-core","npm","3.8.3","3.8.3"
"@testing-library/dom","npm","^9.0.0","9.3.4"
"@testing-library/dom","npm","^9.3.1","9.3.4"
"@testing-library/dom","npm","10.4.0","10.4.0"
"@testing-library/jest-dom","npm","^5.16.5","5.17.0"
"@testing-library/jest-dom","npm","6.5.0","6.5.0"
"@testing-library/react","npm","^14.0.0","14.3.1"
"@testing-library/user-event","npm","^14.4.0","14.5.2"
"@testing-library/user-event","npm","^14.4.3","14.5.2"
"@testing-library/user-event","npm","14.5.2","14.5.2"
"@tootallnate/once","npm","2","2.0.0"
"@trysound/sax","npm","0.2.0","0.2.0"
"@tsconfig/node10","npm","^1.0.7","1.0.11"
"@tsconfig/node12","npm","^1.0.7","1.0.11"
"@tsconfig/node14","npm","^1.0.0","1.0.3"
"@tsconfig/node16","npm","^1.0.2","1.0.4"
"@types/argparse","npm","1.0.38","1.0.38"
"@types/aria-query","npm","^5.0.1","5.0.4"
"@types/babel__core","npm","^7.0.0","7.20.5"
"@types/babel__core","npm","^7.1.14","7.20.5"
"@types/babel__core","npm","^7.18.0","7.20.5"
"@types/babel__core","npm","^7.20.5","7.20.5"
"@types/babel__generator","npm","*","7.6.8"
"@types/babel__template","npm","*","7.4.4"
"@types/babel__traverse","npm","*","7.20.5"
"@types/babel__traverse","npm","^7.0.6","7.20.5"
"@types/babel__traverse","npm","^7.18.0","7.20.5"
"@types/body-parser","npm","*","1.19.5"
"@types/cacheable-request","npm","^6.0.1","6.0.3"
"@types/chai","npm","*","4.3.16"
"@types/chai","npm","^4.3.5","4.3.16"
"@types/chai-subset","npm","^1.3.3","1.3.5"
"@types/chalk","npm","^2.2.0","2.2.0"
"@types/commander","npm","^2.12.2","2.12.2"
"@types/compression","npm","^1.7.5","1.7.5"
"@types/configstore","npm","^6.0.0","6.0.2"
"@types/connect","npm","*","3.4.38"
"@types/cookie","npm","^0.6.0","0.6.0"
"@types/doctrine","npm","^0.0.9","0.0.9"
"@types/escodegen","npm","^0.0.6","0.0.6"
"@types/estree","npm","*","1.0.5"
"@types/estree","npm","^0.0.51","0.0.51"
"@types/estree","npm","^1.0.0","1.0.5"
"@types/estree","npm","0.0.39","0.0.39"
"@types/estree","npm","1.0.5","1.0.5"
"@types/estree","npm","1.0.6","1.0.6"
"@types/express","npm","*","4.17.21"
"@types/express","npm","^4.17.17","4.17.21"
"@types/express","npm","^4.17.21","4.17.21"
"@types/express","npm","^4.7.0","4.17.21"
"@types/express-serve-static-core","npm","^4.17.33","4.19.0"
"@types/find-cache-dir","npm","^3.2.1","3.2.1"
"@types/fs-extra","npm","11.0.1","11.0.1"
"@types/glob","npm","^7.1.3","7.2.0"
"@types/graceful-fs","npm","^4.1.3","4.1.9"
"@types/hast","npm","^3.0.0","3.0.4"
"@types/http-cache-semantics","npm","*","4.0.4"
"@types/http-errors","npm","*","2.0.4"
"@types/inquirer","npm","^9.0.3","9.0.7"
"@types/istanbul-lib-coverage","npm","*","2.0.6"
"@types/istanbul-lib-coverage","npm","^2.0.0","2.0.6"
"@types/istanbul-lib-coverage","npm","^2.0.1","2.0.6"
"@types/istanbul-lib-report","npm","*","3.0.3"
"@types/istanbul-reports","npm","^3.0.0","3.0.4"
"@types/jest","npm","*","29.5.12"
"@types/js-yaml","npm","^4.0.9","4.0.9"
"@types/jsdom","npm","^21.1.1","21.1.6"
"@types/json-schema","npm","^7.0.12","7.0.15"
"@types/json-schema","npm","^7.0.7","7.0.15"
"@types/json-schema","npm","^7.0.9","7.0.15"
"@types/jsonfile","npm","*","6.1.4"
"@types/jsonwebtoken","npm","^8.5.9","8.5.9"
"@types/keyv","npm","^3.1.4","3.1.4"
"@types/lodash","npm","^4.14.167","4.17.1"
"@types/lodash","npm","^4.14.191","4.17.1"
"@types/mdx","npm","^2.0.0","2.0.13"
"@types/mime","npm","^1","1.3.5"
"@types/minimatch","npm","*","5.1.2"
"@types/minimist","npm","^1.2.0","1.2.5"
"@types/multer","npm","^1.4.7","1.4.11"
"@types/mute-stream","npm","^0.0.4","0.0.4"
"@types/node","npm","*","20.12.10"
"@types/node","npm","^12.7.1","12.20.55"
"@types/node","npm","^17.0.36","17.0.45"
"@types/node","npm","^18.0.0","18.19.32"
"@types/node","npm","^20.10.4","20.12.10"
"@types/node","npm","^20.11.15","20.12.10"
"@types/node","npm","^20.12.11","20.12.12"
"@types/node","npm","^20.14.11","20.14.11"
"@types/node","npm","^22.0.0","22.7.5"
"@types/node","npm","^22.1.0","22.5.0"
"@types/node","npm",">=13.7.0","22.5.4"
"@types/node","npm",">=8.1.0","20.12.10"
"@types/node-emoji","npm","^1.8.2","1.8.2"
"@types/node-fetch","npm","^2.6.4","2.6.11"
"@types/normalize-package-data","npm","^2.4.0","2.4.4"
"@types/object-path","npm","^0.11.1","0.11.4"
"@types/parse-json","npm","^4.0.0","4.0.2"
"@types/pg","npm","*","8.11.9"
"@types/pg","npm","^8.6.6","8.11.10"
"@types/pg","npm","8.6.1","8.6.1"
"@types/pg-pool","npm","2.0.6","2.0.6"
"@types/pretty-hrtime","npm","^1.0.0","1.0.3"
"@types/prismjs","npm","^1.26.0","1.26.3"
"@types/prop-types","npm","*","15.7.12"
"@types/qs","npm","*","6.9.15"
"@types/qs","npm","^6.9.5","6.9.15"
"@types/range-parser","npm","*","1.2.7"
"@types/react","npm","*","18.3.1"
"@types/react","npm","^16.8.0 || ^17.0.0 || ^18.0.0","18.3.11"
"@types/react","npm","^18.2.0","18.3.1"
"@types/react","npm","^18.2.14","18.3.1"
"@types/react","npm","^18.2.79","18.3.1"
"@types/react","npm","^18.3.2","18.3.2"
"@types/react-dom","npm","^18.0.0","18.3.0"
"@types/react-dom","npm","^18.2.0","18.3.0"
"@types/react-dom","npm","^18.2.25","18.3.0"
"@types/react-dom","npm","^18.2.6","18.3.0"
"@types/resolve","npm","^1.20.2","1.20.6"
"@types/resolve","npm","1.17.1","1.17.1"
"@types/resolve","npm","1.20.2","1.20.2"
"@types/responselike","npm","^1.0.0","1.0.3"
"@types/semver","npm","^7.3.12","7.5.8"
"@types/semver","npm","^7.5.0","7.5.8"
"@types/send","npm","*","0.17.4"
"@types/serve-static","npm","*","1.15.7"
"@types/shimmer","npm","^1.2.0","1.2.0"
"@types/stack-utils","npm","^2.0.0","2.0.3"
"@types/statuses","npm","^2.0.4","2.0.5"
"@types/stylis","npm","4.2.5","4.2.5"
"@types/testing-library__jest-dom","npm","^5.9.1","5.14.9"
"@types/through","npm","*","0.0.33"
"@types/tough-cookie","npm","*","4.0.5"
"@types/triple-beam","npm","^1.3.2","1.3.5"
"@types/ua-parser-js","npm","^0.7.36","0.7.39"
"@types/unist","npm","*","3.0.3"
"@types/unist","npm","^3.0.0","3.0.3"
"@types/uuid","npm","^9.0.1","9.0.8"
"@types/validator","npm","^13.7.17","13.12.2"
"@types/wait-on","npm","^5.3.1","5.3.4"
"@types/wrap-ansi","npm","^3.0.0","3.0.0"
"@types/yargs","npm","^15.0.15","15.0.19"
"@types/yargs","npm","^17.0.8","17.0.32"
"@types/yargs-parser","npm","*","21.0.3"
"@typescript-eslint/eslint-plugin","npm","^6.19.0","6.21.0"
"@typescript-eslint/parser","npm","^6.19.0","6.21.0"
"@typescript-eslint/scope-manager","npm","5.62.0","5.62.0"
"@typescript-eslint/scope-manager","npm","6.21.0","6.21.0"
"@typescript-eslint/type-utils","npm","6.21.0","6.21.0"
"@typescript-eslint/types","npm","5.62.0","5.62.0"
"@typescript-eslint/types","npm","6.21.0","6.21.0"
"@typescript-eslint/typescript-estree","npm","5.62.0","5.62.0"
"@typescript-eslint/typescript-estree","npm","6.21.0","6.21.0"
"@typescript-eslint/utils","npm","^5.45.0","5.62.0"
"@typescript-eslint/utils","npm","6.21.0","6.21.0"
"@typescript-eslint/visitor-keys","npm","5.62.0","5.62.0"
"@typescript-eslint/visitor-keys","npm","6.21.0","6.21.0"
"@uiw/react-json-view","npm","^2.0.0-alpha.17","2.0.0-alpha.24"
"@ungap/structured-clone","npm","^1.0.0","1.2.0"
"@ungap/structured-clone","npm","^1.2.0","1.2.0"
"@verdaccio/commons-api","npm","^9.7.1","9.7.1"
"@verdaccio/commons-api","npm","9.7.1","9.7.1"
"@verdaccio/file-locking","npm","^9.7.2","9.7.2"
"@verdaccio/local-storage","npm","9.7.5","9.7.5"
"@verdaccio/readme","npm","9.7.5","9.7.5"
"@verdaccio/streams","npm","^9.7.2","9.7.2"
"@verdaccio/streams","npm","9.7.2","9.7.2"
"@verdaccio/ui-theme","npm","1.15.1","1.15.1"
"@vitejs/plugin-react","npm","^4.0.1","4.2.1"
"@vitejs/plugin-react","npm","^4.2.1","4.2.1"
"@vitejs/plugin-react","npm","4.2.1","4.2.1"
"@vitest/coverage-v8","npm","^0.32.2","0.32.4"
"@vitest/expect","npm","0.32.4","0.32.4"
"@vitest/expect","npm","2.0.5","2.0.5"
"@vitest/expect","npm","2.1.3","2.1.3"
"@vitest/expect","npm","2.1.4","2.1.4"
"@vitest/mocker","npm","2.1.3","2.1.3"
"@vitest/mocker","npm","2.1.4","2.1.4"
"@vitest/pretty-format","npm","^2.1.3","2.1.3"
"@vitest/pretty-format","npm","^2.1.4","2.1.4"
"@vitest/pretty-format","npm","2.0.5","2.0.5"
"@vitest/pretty-format","npm","2.1.2","2.1.2"
"@vitest/pretty-format","npm","2.1.3","2.1.3"
"@vitest/pretty-format","npm","2.1.4","2.1.4"
"@vitest/runner","npm","0.32.4","0.32.4"
"@vitest/runner","npm","2.1.3","2.1.3"
"@vitest/runner","npm","2.1.4","2.1.4"
"@vitest/snapshot","npm","0.32.4","0.32.4"
"@vitest/snapshot","npm","2.1.3","2.1.3"
"@vitest/snapshot","npm","2.1.4","2.1.4"
"@vitest/spy","npm","0.32.4","0.32.4"
"@vitest/spy","npm","2.0.5","2.0.5"
"@vitest/spy","npm","2.1.3","2.1.3"
"@vitest/spy","npm","2.1.4","2.1.4"
"@vitest/utils","npm","^2.0.5","2.1.2"
"@vitest/utils","npm","0.32.4","0.32.4"
"@vitest/utils","npm","2.0.5","2.0.5"
"@vitest/utils","npm","2.1.3","2.1.3"
"@vitest/utils","npm","2.1.4","2.1.4"
"@wessberg/stringutil","npm","^1.0.19","1.0.19"
"abab","npm","^2.0.0","2.0.6"
"abab","npm","^2.0.6","2.0.6"
"abbrev","npm","^2.0.0","2.0.0"
"abbrev","npm","1","1.1.1"
"abort-controller","npm","^3.0.0","3.0.0"
"abstract-leveldown","npm","^6.2.1","6.3.0"
"abstract-leveldown","npm","~6.0.1","6.0.3"
"abstract-leveldown","npm","~6.2.1","6.2.3"
"accepts","npm","~1.3.5","1.3.8"
"accepts","npm","~1.3.7","1.3.8"
"accepts","npm","~1.3.8","1.3.8"
"acorn","npm","^6.0.1","6.4.2"
"acorn","npm","^7.1.0","7.4.1"
"acorn","npm","^7.4.0","7.4.1"
"acorn","npm","^7.4.1","7.4.1"
"acorn","npm","^8.10.0","8.11.3"
"acorn","npm","^8.11.3","8.11.3"
"acorn","npm","^8.4.1","8.11.3"
"acorn","npm","^8.5.0","8.11.3"
"acorn","npm","^8.8.2","8.11.3"
"acorn","npm","^8.9.0","8.11.3"
"acorn-globals","npm","^4.3.2","4.3.4"
"acorn-import-attributes","npm","^1.9.5","1.9.5"
"acorn-jsx","npm","^5.3.1","5.3.2"
"acorn-jsx","npm","^5.3.2","5.3.2"
"acorn-loose","npm","8.3.0","8.3.0"
"acorn-walk","npm","^6.0.1","6.2.0"
"acorn-walk","npm","^7.2.0","7.2.0"
"acorn-walk","npm","^8.1.1","8.3.2"
"acorn-walk","npm","^8.2.0","8.3.2"
"acorn-walk","npm","8.2.0","8.2.0"
"adjust-sourcemap-loader","npm","^4.0.0","4.0.0"
"agent-base","npm","^7.0.2","7.1.1"
"agent-base","npm","^7.1.0","7.1.1"
"agent-base","npm","^7.1.1","7.1.1"
"agent-base","npm","6","6.0.2"
"aggregate-error","npm","^3.0.0","3.1.0"
"ajv","npm","^6.10.0","6.12.6"
"ajv","npm","^6.12.3","6.12.6"
"ajv","npm","^6.12.4","6.12.6"
"ajv","npm","^8.0.1","8.13.0"
"ajv","npm","^8.12.0","8.17.1"
"ajv","npm","^8.17.1","8.17.1"
"ajv-draft-04","npm","^1.0.0","1.0.0"
"ansi-align","npm","^3.0.0","3.0.1"
"ansi-colors","npm","^4.1.1","4.1.3"
"ansi-colors","npm","^4.1.3","4.1.3"
"ansi-escapes","npm","^4.2.1","4.3.2"
"ansi-escapes","npm","^4.3.0","4.3.2"
"ansi-escapes","npm","^4.3.2","4.3.2"
"ansi-regex","npm","^2.0.0","2.1.1"
"ansi-regex","npm","^5.0.1","5.0.1"
"ansi-regex","npm","^6.0.1","6.0.1"
"ansi-styles","npm","^2.2.1","2.2.1"
"ansi-styles","npm","^3.2.1","3.2.1"
"ansi-styles","npm","^4.0.0","4.3.0"
"ansi-styles","npm","^4.1.0","4.3.0"
"ansi-styles","npm","^4.2.0","4.3.0"
"ansi-styles","npm","^5.0.0","5.2.0"
"ansi-styles","npm","^6.1.0","6.2.1"
"ansicolors","npm","~0.3.2","0.3.2"
"any-promise","npm","^1.0.0","1.3.0"
"anymatch","npm","^3.0.3","3.1.3"
"anymatch","npm","~3.1.2","3.1.3"
"apache-md5","npm","1.1.2","1.1.2"
"app-root-dir","npm","^1.0.2","1.0.2"
"append-field","npm","^1.0.0","1.0.0"
"arg","npm","^4.1.0","4.1.3"
"arg","npm","^5.0.2","5.0.2"
"argparse","npm","^1.0.7","1.0.10"
"argparse","npm","^2.0.1","2.0.1"
"argparse","npm","~1.0.9","1.0.10"
"aria-hidden","npm","^1.1.1","1.2.4"
"aria-query","npm","^5.0.0","5.3.0"
"aria-query","npm","5.1.3","5.1.3"
"aria-query","npm","5.3.0","5.3.0"
"array-buffer-byte-length","npm","^1.0.0","1.0.1"
"array-buffer-byte-length","npm","^1.0.1","1.0.1"
"array-equal","npm","^1.0.0","1.0.2"
"array-find-index","npm","^1.0.2","1.0.2"
"array-flatten","npm","1.1.1","1.1.1"
"array-includes","npm","^3.1.6","3.1.8"
"array-includes","npm","^3.1.7","3.1.8"
"array-union","npm","^2.1.0","2.1.0"
"array.prototype.findlast","npm","^1.2.4","1.2.5"
"array.prototype.flat","npm","^1.2.3","1.3.2"
"array.prototype.flat","npm","^1.3.1","1.3.2"
"array.prototype.flatmap","npm","^1.3.2","1.3.2"
"array.prototype.map","npm","^1.0.5","1.0.7"
"array.prototype.toreversed","npm","^1.1.2","1.1.2"
"array.prototype.tosorted","npm","^1.1.3","1.1.3"
"arraybuffer.prototype.slice","npm","^1.0.3","1.0.3"
"arrify","npm","^1.0.1","1.0.1"
"asap","npm","~2.0.3","2.0.6"
"asn1","npm","~0.2.3","0.2.6"
"assert-plus","npm","^1.0.0","1.0.0"
"assert-plus","npm","1.0.0","1.0.0"
"assertion-error","npm","^1.1.0","1.1.0"
"assertion-error","npm","^2.0.1","2.0.1"
"ast-types","npm","^0.16.1","0.16.1"
"astral-regex","npm","^2.0.0","2.0.0"
"async","npm","^3.2.3","3.2.5"
"async","npm","3.2.0","3.2.0"
"async","npm","3.2.3","3.2.3"
"asynckit","npm","^0.4.0","0.4.0"
"asyncro","npm","^3.0.0","3.0.0"
"at-least-node","npm","^1.0.0","1.0.0"
"auto-bind","npm","~4.0.0","4.0.0"
"autoprefixer","npm","^10.1.0","10.4.19"
"autoprefixer","npm","^10.4.16","10.4.19"
"autoprefixer","npm","^10.4.17","10.4.19"
"autoprefixer","npm","^10.4.19","10.4.19"
"available-typed-arrays","npm","^1.0.7","1.0.7"
"awilix","npm","^8.0.1","8.0.1"
"aws-sign2","npm","~0.7.0","0.7.0"
"aws4","npm","^1.8.0","1.13.2"
"axios","npm","^0.21.4","0.21.4"
"axios","npm","^0.24.0","0.24.0"
"axios","npm","^1.6.1","1.7.7"
"axios","npm","^1.6.8","1.6.8"
"axios-mock-adapter","npm","^1.19.0","1.22.0"
"axios-retry","npm","^3.1.9","3.9.1"
"babel-jest","npm","^29.7.0","29.7.0"
"babel-plugin-istanbul","npm","^6.1.1","6.1.1"
"babel-plugin-jest-hoist","npm","^29.6.3","29.6.3"
"babel-plugin-macros","npm","^3.0.1","3.1.0"
"babel-plugin-polyfill-corejs2","npm","^0.4.10","0.4.11"
"babel-plugin-polyfill-corejs3","npm","^0.10.4","0.10.4"
"babel-plugin-polyfill-regenerator","npm","^0.6.1","0.6.2"
"babel-plugin-syntax-trailing-function-commas","npm","^7.0.0-beta.0","7.0.0-beta.0"
"babel-plugin-transform-async-to-promises","npm","^0.8.15","0.8.18"
"babel-plugin-transform-replace-expressions","npm","^0.2.0","0.2.0"
"babel-preset-current-node-syntax","npm","^1.0.0","1.0.1"
"babel-preset-fbjs","npm","^3.4.0","3.4.0"
"babel-preset-jest","npm","^29.6.3","29.6.3"
"balanced-match","npm","^1.0.0","1.0.2"
"base64-js","npm","^1.3.1","1.5.1"
"basic-auth","npm","~2.0.1","2.0.1"
"bcrypt-pbkdf","npm","^1.0.0","1.0.2"
"bcryptjs","npm","2.4.3","2.4.3"
"better-opn","npm","^3.0.2","3.0.2"
"better-path-resolve","npm","1.0.0","1.0.0"
"big-integer","npm","^1.6.44","1.6.52"
"big.js","npm","^5.2.2","5.2.2"
"bignumber.js","npm","^9.1.2","9.1.2"
"binary-extensions","npm","^2.0.0","2.3.0"
"bl","npm","^4.1.0","4.1.0"
"bl","npm","^5.0.0","5.1.0"
"body-parser","npm","1.19.0","1.19.0"
"body-parser","npm","1.20.2","1.20.2"
"body-parser","npm","1.20.3","1.20.3"
"boolbase","npm","^1.0.0","1.0.0"
"bowser","npm","^2.11.0","2.11.0"
"boxen","npm","^5","5.1.2"
"boxen","npm","^5.0.1","5.1.2"
"bplist-parser","npm","^0.2.0","0.2.0"
"brace-expansion","npm","^1.1.7","1.1.11"
"brace-expansion","npm","^2.0.1","2.0.1"
"braces","npm","^3.0.2","3.0.2"
"braces","npm","~3.0.2","3.0.2"
"breakword","npm","^1.0.5","1.0.6"
"brotli-size","npm","^4.0.0","4.0.0"
"browser-assert","npm","^1.2.1","1.2.1"
"browser-process-hrtime","npm","^1.0.0","1.0.0"
"browserslist","npm","^4.0.0","4.23.0"
"browserslist","npm","^4.21.10","4.23.0"
"browserslist","npm","^4.21.4","4.23.0"
"browserslist","npm","^4.22.2","4.23.0"
"browserslist","npm","^4.23.0","4.23.0"
"browserslist","npm","^4.23.1","4.23.3"
"browserslist-generator","npm","^2.1.0","2.1.0"
"bs-logger","npm","^0.2.6","0.2.6"
"bs-logger","npm","0.x","0.2.6"
"bser","npm","2.1.1","2.1.1"
"buffer","npm","^5.5.0","5.7.1"
"buffer","npm","^5.6.0","5.7.1"
"buffer","npm","^6.0.3","6.0.3"
"buffer-equal-constant-time","npm","1.0.1","1.0.1"
"buffer-from","npm","^1.0.0","1.1.2"
"buffer-writer","npm","2.0.0","2.0.0"
"builtin-modules","npm","^3.1.0","3.3.0"
"builtin-modules","npm","^3.3.0","3.3.0"
"bullmq","npm","5.13.0","5.13.0"
"bundle-name","npm","^3.0.0","3.0.0"
"bundle-name","npm","^4.1.0","4.1.0"
"bundle-require","npm","^4.0.0","4.1.0"
"bunyan","npm","1.8.15","1.8.15"
"busboy","npm","^1.0.0","1.6.0"
"bytes","npm","3.0.0","3.0.0"
"bytes","npm","3.1.0","3.1.0"
"bytes","npm","3.1.2","3.1.2"
"cac","npm","^6.7.12","6.7.14"
"cac","npm","^6.7.14","6.7.14"
"cacache","npm","^18.0.0","18.0.3"
"cacheable-lookup","npm","^5.0.3","5.0.4"
"cacheable-request","npm","^7.0.2","7.0.4"
"call-bind","npm","^1.0.2","1.0.7"
"call-bind","npm","^1.0.5","1.0.7"
"call-bind","npm","^1.0.6","1.0.7"
"call-bind","npm","^1.0.7","1.0.7"
"call-me-maybe","npm","^1.0.1","1.0.2"
"callsites","npm","^3.0.0","3.1.0"
"camel-case","npm","^4.1.2","4.1.2"
"camelcase","npm","^5.0.0","5.3.1"
"camelcase","npm","^5.3.1","5.3.1"
"camelcase","npm","^6.2.0","6.3.0"
"camelcase-css","npm","^2.0.1","2.0.1"
"camelcase-keys","npm","^6.2.2","6.2.2"
"camelize","npm","^1.0.0","1.0.1"
"caniuse-api","npm","^3.0.0","3.0.0"
"caniuse-lite","npm","^1.0.0","1.0.30001616"
"caniuse-lite","npm","^1.0.30001518","1.0.30001616"
"caniuse-lite","npm","^1.0.30001587","1.0.30001616"
"caniuse-lite","npm","^1.0.30001599","1.0.30001616"
"caniuse-lite","npm","^1.0.30001646","1.0.30001657"
"capital-case","npm","^1.0.4","1.0.4"
"cardinal","npm","^2.1.1","2.1.1"
"caseless","npm","~0.12.0","0.12.0"
"chai","npm","^4.3.7","4.4.1"
"chai","npm","^5.1.1","5.1.1"
"chai","npm","^5.1.2","5.1.2"
"chalk","npm","*","5.3.0"
"chalk","npm","^1.0.0","1.1.3"
"chalk","npm","^1.1.3","1.1.3"
"chalk","npm","^2.1.0","2.4.2"
"chalk","npm","^2.4.2","2.4.2"
"chalk","npm","^3.0.0","3.0.0"
"chalk","npm","^4.0.0","4.1.2"
"chalk","npm","^4.0.2","4.1.2"
"chalk","npm","^4.1.0","4.1.2"
"chalk","npm","^4.1.1","4.1.2"
"chalk","npm","^4.1.2","4.1.2"
"chalk","npm","^5.0.0","5.3.0"
"chalk","npm","^5.2.0","5.3.0"
"change-case","npm","^4.1.2","4.1.2"
"change-case-all","npm","1.0.15","1.0.15"
"char-regex","npm","^1.0.2","1.0.2"
"chardet","npm","^0.7.0","0.7.0"
"check-error","npm","^1.0.3","1.0.3"
"check-error","npm","^2.1.1","2.1.1"
"chokidar","npm","^3.4.2","3.6.0"
"chokidar","npm","^3.5.1","3.6.0"
"chokidar","npm","^3.5.2","3.6.0"
"chokidar","npm","^3.5.3","3.6.0"
"chokidar","npm","^3.6.0","3.6.0"
"chokidar","npm","3.5.3","3.5.3"
"chownr","npm","^2.0.0","2.0.0"
"chromatic","npm","^6.20.0","6.24.1"
"ci-info","npm","^3.2.0","3.9.0"
"ci-info","npm","^3.7.0","3.9.0"
"cjs-module-lexer","npm","^1.0.0","1.3.1"
"cjs-module-lexer","npm","^1.2.2","1.4.1"
"classnames","npm","^2.3.2","2.5.1"
"clean-stack","npm","^2.0.0","2.2.0"
"clean-stack","npm","^3.0.0","3.0.1"
"cli-boxes","npm","^2.2.1","2.2.1"
"cli-cursor","npm","^3.1.0","3.1.0"
"cli-cursor","npm","^4.0.0","4.0.0"
"cli-progress","npm","^3.4.0","3.12.0"
"cli-spinners","npm","^2.5.0","2.9.2"
"cli-spinners","npm","^2.6.1","2.9.2"
"cli-spinners","npm","^2.9.2","2.9.2"
"cli-truncate","npm","^2.1.0","2.1.0"
"cli-truncate","npm","2.1.0","2.1.0"
"cli-ux","npm","^5.4.9","5.6.7"
"cli-width","npm","^3.0.0","3.0.0"
"cli-width","npm","^4.1.0","4.1.0"
"cliui","npm","^6.0.0","6.0.0"
"cliui","npm","^7.0.2","7.0.4"
"cliui","npm","^8.0.1","8.0.1"
"clone","npm","^1.0.2","1.0.4"
"clone-response","npm","^1.0.2","1.0.3"
"clsx","npm","^1.2.1","1.2.1"
"clsx","npm","^2.0.0","2.1.1"
"clsx","npm","2.0.0","2.0.0"
"cluster-key-slot","npm","^1.1.0","1.1.2"
"cmdk","npm","^0.2.0","0.2.1"
"co","npm","^4.6.0","4.6.0"
"code-error-fragment","npm","0.0.230","0.0.230"
"collect-v8-coverage","npm","^1.0.0","1.0.2"
"color","npm","^3.1.3","3.2.1"
"color-convert","npm","^1.9.0","1.9.3"
"color-convert","npm","^1.9.3","1.9.3"
"color-convert","npm","^2.0.1","2.0.1"
"color-name","npm","^1.0.0","1.1.4"
"color-name","npm","~1.1.4","1.1.4"
"color-name","npm","1.1.3","1.1.3"
"color-string","npm","^1.6.0","1.9.1"
"colord","npm","^2.9.1","2.9.3"
"colorette","npm","^1.2.0","1.4.0"
"colorette","npm","^1.4.0","1.4.0"
"colorette","npm","^2.0.16","2.0.20"
"colorette","npm","2.0.19","2.0.19"
"colorspace","npm","1.1.x","1.1.4"
"combined-stream","npm","^1.0.6","1.0.8"
"combined-stream","npm","^1.0.8","1.0.8"
"combined-stream","npm","~1.0.6","1.0.8"
"commander","npm","*","12.1.0"
"commander","npm","^10.0.0","10.0.1"
"commander","npm","^10.0.1","10.0.1"
"commander","npm","^2.20.0","2.20.3"
"commander","npm","^4.0.0","4.1.1"
"commander","npm","^6.0.0","6.2.1"
"commander","npm","^7.2.0","7.2.0"
"commander","npm","^8.2.0","8.3.0"
"commander","npm","^9.0.0","9.5.0"
"commander","npm","^9.4.1","9.5.0"
"commander","npm","11.0.0","11.0.0"
"commander","npm","3.0.2","3.0.2"
"comment-patterns","npm","^0.12.0","0.12.2"
"commenting","npm","~1.1.0","1.1.0"
"common-tags","npm","1.8.2","1.8.2"
"commondir","npm","^1.0.1","1.0.1"
"compatfactory","npm","^3.0.0","3.0.0"
"component-emitter","npm","^1.2.0","1.3.1"
"compressible","npm","~2.0.16","2.0.18"
"compression","npm","^1.7.4","1.7.4"
"compression","npm","1.7.4","1.7.4"
"concat-map","npm","0.0.1","0.0.1"
"concat-stream","npm","^1.5.2","1.6.2"
"concat-with-sourcemaps","npm","^1.1.0","1.1.0"
"confbox","npm","^0.1.7","0.1.7"
"configstore","npm","^5.0.1","5.0.1"
"configstore","npm","^6.0.0","6.0.0"
"configstore","npm","5.0.1","5.0.1"
"connect-redis","npm","5.2.0","5.2.0"
"constant-case","npm","^3.0.4","3.0.4"
"content-disposition","npm","0.5.3","0.5.3"
"content-disposition","npm","0.5.4","0.5.4"
"content-type","npm","~1.0.4","1.0.5"
"content-type","npm","~1.0.5","1.0.5"
"convert-source-map","npm","^1.7.0","1.9.0"
"convert-source-map","npm","^2.0.0","2.0.0"
"cookie","npm","^0.5.0","0.5.0"
"cookie","npm","0.4.0","0.4.0"
"cookie","npm","0.4.1","0.4.1"
"cookie","npm","0.6.0","0.6.0"
"cookie","npm","0.7.1","0.7.1"
"cookie-parser","npm","^1.4.6","1.4.6"
"cookie-signature","npm","1.0.6","1.0.6"
"cookie-signature","npm","1.0.7","1.0.7"
"cookiejar","npm","^2.1.0","2.1.4"
"cookies","npm","0.8.0","0.8.0"
"copy-to-clipboard","npm","^3.3.3","3.3.3"
"copyfiles","npm","^2.4.1","2.4.1"
"core-js","npm","^3.32.1","3.38.1"
"core-js-compat","npm","^3.31.0","3.37.0"
"core-js-compat","npm","^3.36.1","3.37.0"
"core-util-is","npm","~1.0.0","1.0.3"
"core-util-is","npm","1.0.2","1.0.2"
"cors","npm","^2.8.5","2.8.5"
"cors","npm","2.8.5","2.8.5"
"cosmiconfig","npm","^7.0.0","7.1.0"
"cosmiconfig","npm","^7.0.1","7.1.0"
"cosmiconfig","npm","^8.1.3","8.3.6"
"cosmiconfig","npm","^8.3.5","8.3.6"
"create-jest","npm","^29.7.0","29.7.0"
"create-medusa-app","workspace","packages/cli/create-medusa-app","0.0.0-use.local"
"create-require","npm","^1.1.0","1.1.1"
"cron-parser","npm","^4.2.0","4.9.0"
"cron-parser","npm","^4.6.0","4.9.0"
"cron-parser","npm","^4.9.0","4.9.0"
"cross-env","npm","^5.2.1","5.2.1"
"cross-env","npm","^7.0.3","7.0.3"
"cross-fetch","npm","^3.1.5","3.1.8"
"cross-fetch","npm","4.0.0","4.0.0"
"cross-inspect","npm","1.0.0","1.0.0"
"cross-inspect","npm","1.0.1","1.0.1"
"cross-spawn","npm","^5.1.0","5.1.0"
"cross-spawn","npm","^6.0.0","6.0.5"
"cross-spawn","npm","^6.0.5","6.0.5"
"cross-spawn","npm","^7.0.0","7.0.3"
"cross-spawn","npm","^7.0.1","7.0.3"
"cross-spawn","npm","^7.0.2","7.0.3"
"cross-spawn","npm","^7.0.3","7.0.3"
"crosspath","npm","^2.0.0","2.0.0"
"crypto-random-string","npm","^2.0.0","2.0.0"
"crypto-random-string","npm","^4.0.0","4.0.0"
"css-color-keywords","npm","^1.0.0","1.0.0"
"css-declaration-sorter","npm","^6.3.1","6.4.1"
"css-loader","npm","^6.7.3","6.11.0"
"css-select","npm","^4.1.3","4.3.0"
"css-select","npm","^5.1.0","5.1.0"
"css-to-react-native","npm","3.2.0","3.2.0"
"css-tree","npm","^1.1.2","1.1.3"
"css-tree","npm","^1.1.3","1.1.3"
"css-tree","npm","^2.3.1","2.3.1"
"css-tree","npm","~2.2.0","2.2.1"
"css-what","npm","^6.0.1","6.1.0"
"css-what","npm","^6.1.0","6.1.0"
"css.escape","npm","^1.5.1","1.5.1"
"cssesc","npm","^3.0.0","3.0.0"
"cssnano","npm","^5.0.1","5.1.15"
"cssnano-preset-default","npm","^5.2.14","5.2.14"
"cssnano-utils","npm","^3.1.0","3.1.0"
"csso","npm","^4.2.0","4.2.0"
"csso","npm","^5.0.5","5.0.5"
"cssom","npm","^0.4.1","0.4.4"
"cssom","npm","~0.3.6","0.3.8"
"cssstyle","npm","^2.0.0","2.3.0"
"cssstyle","npm","^3.0.0","3.0.0"
"csstype","npm","^3.0.2","3.1.3"
"csstype","npm","3.1.3","3.1.3"
"csv","npm","^5.5.3","5.5.3"
"csv-generate","npm","^3.4.3","3.4.3"
"csv-parse","npm","^4.16.3","4.16.3"
"csv-stringify","npm","^5.6.5","5.6.5"
"cva","npm","1.0.0-beta.1","1.0.0-beta.1"
"dashdash","npm","^1.12.0","1.14.1"
"data-uri-to-buffer","npm","^4.0.0","4.0.1"
"data-urls","npm","^1.1.0","1.1.0"
"data-urls","npm","^4.0.0","4.0.0"
"data-view-buffer","npm","^1.0.1","1.0.1"
"data-view-byte-length","npm","^1.0.1","1.0.1"
"data-view-byte-offset","npm","^1.0.0","1.0.0"
"dataloader","npm","^1.4.0","1.4.0"
"date-fns","npm","^3.6.0","3.6.0"
"dayjs","npm","1.10.4","1.10.4"
"debug","npm","^3.1.0","3.2.7"
"debug","npm","^3.2.7","3.2.7"
"debug","npm","^4.0.1","4.3.4"
"debug","npm","^4.1.0","4.3.4"
"debug","npm","^4.1.1","4.3.4"
"debug","npm","^4.3.1","4.3.4"
"debug","npm","^4.3.2","4.3.4"
"debug","npm","^4.3.4","4.3.4"
"debug","npm","^4.3.5","4.3.7"
"debug","npm","^4.3.6","4.3.7"
"debug","npm","^4.3.7","4.3.7"
"debug","npm","2.6.9","2.6.9"
"debug","npm","4","4.3.4"
"debug","npm","4.3.4","4.3.4"
"decamelize","npm","^1.1.0","1.2.0"
"decamelize","npm","^1.2.0","1.2.0"
"decamelize-keys","npm","^1.1.0","1.1.1"
"decimal.js","npm","^10.4.3","10.4.3"
"decko","npm","^1.2.0","1.2.0"
"decompress-response","npm","^6.0.0","6.0.0"
"dedent","npm","^1.0.0","1.5.3"
"deeks","npm","3.1.0","3.1.0"
"deep-eql","npm","^4.1.3","4.1.3"
"deep-eql","npm","^5.0.1","5.0.2"
"deep-equal","npm","^2.0.5","2.2.3"
"deep-is","npm","^0.1.3","0.1.4"
"deep-is","npm","~0.1.3","0.1.4"
"deepmerge","npm","^4.2.2","4.3.1"
"deepmerge","npm","^4.3.1","4.3.1"
"default-browser","npm","^4.0.0","4.0.0"
"default-browser","npm","^5.2.1","5.2.1"
"default-browser-id","npm","^3.0.0","3.0.0"
"default-browser-id","npm","^5.0.0","5.0.0"
"defaults","npm","^1.0.3","1.0.4"
"defer-to-connect","npm","^2.0.0","2.0.1"
"deferred-leveldown","npm","~5.3.0","5.3.0"
"define-data-property","npm","^1.0.1","1.1.4"
"define-data-property","npm","^1.1.4","1.1.4"
"define-lazy-prop","npm","^2.0.0","2.0.0"
"define-lazy-prop","npm","^3.0.0","3.0.0"
"define-properties","npm","^1.2.0","1.2.1"
"define-properties","npm","^1.2.1","1.2.1"
"del","npm","^6.0.0","6.1.1"
"delayed-stream","npm","~1.0.0","1.0.0"
"denque","npm","^2.1.0","2.1.0"
"depd","npm","~1.1.2","1.1.2"
"depd","npm","~2.0.0","2.0.0"
"depd","npm","2.0.0","2.0.0"
"dependency-graph","npm","^0.11.0","0.11.0"
"dequal","npm","^2.0.2","2.0.3"
"dequal","npm","^2.0.3","2.0.3"
"destroy","npm","~1.0.4","1.0.4"
"destroy","npm","1.2.0","1.2.0"
"detect-indent","npm","^6.0.0","6.1.0"
"detect-newline","npm","^3.0.0","3.1.0"
"detect-node-es","npm","^1.1.0","1.1.0"
"didyoumean","npm","^1.2.2","1.2.2"
"diff","npm","^4.0.1","4.0.2"
"diff-sequences","npm","^29.4.3","29.6.3"
"diff-sequences","npm","^29.6.3","29.6.3"
"dir-glob","npm","^3.0.1","3.0.1"
"dlv","npm","^1.1.3","1.1.3"
"doc-path","npm","4.1.1","4.1.1"
"doctrine","npm","^2.1.0","2.1.0"
"doctrine","npm","^3.0.0","3.0.0"
"dom-accessibility-api","npm","^0.5.6","0.5.16"
"dom-accessibility-api","npm","^0.5.9","0.5.16"
"dom-accessibility-api","npm","^0.6.3","0.6.3"
"dom-serializer","npm","^1.0.1","1.4.1"
"dom-serializer","npm","^2.0.0","2.0.0"
"dom-walk","npm","^0.1.0","0.1.2"
"domelementtype","npm","^2.0.1","2.3.0"
"domelementtype","npm","^2.2.0","2.3.0"
"domelementtype","npm","^2.3.0","2.3.0"
"domexception","npm","^1.0.1","1.0.1"
"domexception","npm","^4.0.0","4.0.0"
"domhandler","npm","^4.2.0","4.3.1"
"domhandler","npm","^4.3.1","4.3.1"
"domhandler","npm","^5.0.2","5.0.3"
"domhandler","npm","^5.0.3","5.0.3"
"dompurify","npm","^2.2.6","2.5.6"
"dompurify","npm","^3.0.6","3.1.6"
"domutils","npm","^2.8.0","2.8.0"
"domutils","npm","^3.0.1","3.1.0"
"dot-case","npm","^3.0.4","3.0.4"
"dot-prop","npm","^5.2.0","5.3.0"
"dot-prop","npm","^6.0.1","6.0.1"
"dotenv","npm","^16.0.0","16.4.5"
"dotenv","npm","^16.4.4","16.4.5"
"dotenv","npm","^16.4.5","16.4.5"
"dotenv","npm","^8.1.0","8.6.0"
"dotenv","npm","16.3.1","16.3.1"
"dotenv-expand","npm","^10.0.0","10.0.0"
"dotenv-expand","npm","^11.0.6","11.0.6"
"dset","npm","^3.1.2","3.1.3"
"dtrace-provider","npm","~0.8","0.8.8"
"duplexer","npm","^0.1.1","0.1.2"
"duplexer","npm","^0.1.2","0.1.2"
"duplexer","npm","0.1.1","0.1.1"
"eastasianwidth","npm","^0.2.0","0.2.0"
"ecc-jsbn","npm","~0.1.1","0.1.2"
"ecdsa-sig-formatter","npm","1.0.11","1.0.11"
"ee-first","npm","1.1.1","1.1.1"
"ejs","npm","^3.1.10","3.1.10"
"electron-to-chromium","npm","^1.4.668","1.4.757"
"electron-to-chromium","npm","^1.5.4","1.5.14"
"emittery","npm","^0.13.0","0.13.1"
"emittery","npm","^0.13.1","0.13.1"
"emoji-regex","npm","^8.0.0","8.0.0"
"emoji-regex","npm","^9.2.2","9.2.2"
"emojilib","npm","^2.4.0","2.4.0"
"emojis-list","npm","^3.0.0","3.0.0"
"enabled","npm","2.0.x","2.0.0"
"encodeurl","npm","~1.0.2","1.0.2"
"encodeurl","npm","~2.0.0","2.0.0"
"encoding","npm","^0.1.13","0.1.13"
"encoding-down","npm","^6.3.0","6.3.0"
"end-of-stream","npm","^1.1.0","1.4.4"
"enquirer","npm","^2.3.0","2.4.1"
"enquirer","npm","^2.3.5","2.4.1"
"enquirer","npm","^2.3.6","2.4.1"
"entities","npm","^2.0.0","2.2.0"
"entities","npm","^4.2.0","4.5.0"
"entities","npm","^4.4.0","4.5.0"
"env-paths","npm","^2.2.0","2.2.1"
"envinfo","npm","7.7.4","7.7.4"
"enzyme-shallow-equal","npm","^1.0.0","1.0.7"
"err-code","npm","^2.0.2","2.0.3"
"errno","npm","~0.1.1","0.1.8"
"error-ex","npm","^1.3.1","1.3.2"
"error-stack-parser-es","npm","^0.1.5","0.1.5"
"es-abstract","npm","^1.22.1","1.23.3"
"es-abstract","npm","^1.22.3","1.23.3"
"es-abstract","npm","^1.23.0","1.23.3"
"es-abstract","npm","^1.23.1","1.23.3"
"es-abstract","npm","^1.23.2","1.23.3"
"es-abstract","npm","^1.23.3","1.23.3"
"es-aggregate-error","npm","^1.0.10","1.0.13"
"es-array-method-boxes-properly","npm","^1.0.0","1.0.0"
"es-define-property","npm","^1.0.0","1.0.0"
"es-errors","npm","^1.1.0","1.3.0"
"es-errors","npm","^1.2.1","1.3.0"
"es-errors","npm","^1.3.0","1.3.0"
"es-get-iterator","npm","^1.0.2","1.1.3"
"es-get-iterator","npm","^1.1.3","1.1.3"
"es-iterator-helpers","npm","^1.0.17","1.0.19"
"es-module-lexer","npm","^1.0.5","1.5.2"
"es-module-lexer","npm","^1.5.0","1.5.4"
"es-object-atoms","npm","^1.0.0","1.0.0"
"es-set-tostringtag","npm","^2.0.3","2.0.3"
"es-shim-unscopables","npm","^1.0.0","1.0.2"
"es-shim-unscopables","npm","^1.0.2","1.0.2"
"es-to-primitive","npm","^1.2.1","1.2.1"
"es6-promise","npm","^3.2.1","3.3.1"
"esbuild","npm","^0.18.0","0.18.20"
"esbuild","npm","^0.18.0 || ^0.19.0 || ^0.20.0 || ^0.21.0 || ^0.22.0 || ^0.23.0","0.23.1"
"esbuild","npm","^0.18.10","0.18.20"
"esbuild","npm","^0.18.11","0.18.20"
"esbuild","npm","^0.18.2","0.18.20"
"esbuild","npm","^0.19.2","0.19.12"
"esbuild","npm","^0.20.1","0.20.2"
"esbuild","npm","^0.21.3","0.21.5"
"esbuild-register","npm","^3.5.0","3.5.0"
"escalade","npm","^3.1.1","3.1.2"
"escalade","npm","^3.1.2","3.1.2"
"escape-html","npm","~1.0.3","1.0.3"
"escape-string-regexp","npm","^1.0.2","1.0.5"
"escape-string-regexp","npm","^1.0.5","1.0.5"
"escape-string-regexp","npm","^2.0.0","2.0.0"
"escape-string-regexp","npm","^4.0.0","4.0.0"
"escape-string-regexp","npm","4.0.0","4.0.0"
"escodegen","npm","^1.11.1","1.14.3"
"escodegen","npm","^2.1.0","2.1.0"
"eslint","npm","^7.32.0","7.32.0"
"eslint","npm","^8.23.0","8.57.0"
"eslint","npm","^8.40.0","8.57.1"
"eslint","npm","7.32.0","7.32.0"
"eslint-config-google","npm","^0.14.0","0.14.0"
"eslint-config-prettier","npm","^8.5.0","8.10.0"
"eslint-config-prettier","npm","^8.8.0","8.10.0"
"eslint-plugin-prettier","npm","^4.2.1","4.2.1"
"eslint-plugin-react","npm","^7.31.11","7.34.1"
"eslint-plugin-react-hooks","npm","^4.6.0","4.6.2"
"eslint-plugin-react-refresh","npm","^0.4.5","0.4.6"
"eslint-plugin-storybook","npm","^0.6.12","0.6.15"
"eslint-plugin-unused-imports","npm","^2.0.0","2.0.0"
"eslint-rule-composer","npm","^0.3.0","0.3.0"
"eslint-scope","npm","^5.1.1","5.1.1"
"eslint-scope","npm","^7.2.2","7.2.2"
"eslint-utils","npm","^2.1.0","2.1.0"
"eslint-visitor-keys","npm","^1.1.0","1.3.0"
"eslint-visitor-keys","npm","^1.3.0","1.3.0"
"eslint-visitor-keys","npm","^2.0.0","2.1.0"
"eslint-visitor-keys","npm","^3.3.0","3.4.3"
"eslint-visitor-keys","npm","^3.4.1","3.4.3"
"eslint-visitor-keys","npm","^3.4.3","3.4.3"
"esm","npm","^3.2.25","3.2.25"
"espree","npm","^7.3.0","7.3.1"
"espree","npm","^7.3.1","7.3.1"
"espree","npm","^9.6.0","9.6.1"
"espree","npm","^9.6.1","9.6.1"
"esprima","npm","^4.0.0","4.0.1"
"esprima","npm","^4.0.1","4.0.1"
"esprima","npm","~4.0.0","4.0.1"
"esquery","npm","^1.4.0","1.5.0"
"esquery","npm","^1.4.2","1.5.0"
"esrecurse","npm","^4.3.0","4.3.0"
"estraverse","npm","^4.1.1","4.3.0"
"estraverse","npm","^4.2.0","4.3.0"
"estraverse","npm","^5.1.0","5.3.0"
"estraverse","npm","^5.2.0","5.3.0"
"estraverse","npm","^5.3.0","5.3.0"
"estree-walker","npm","^0.6.1","0.6.1"
"estree-walker","npm","^1.0.1","1.0.1"
"estree-walker","npm","^2.0.1","2.0.2"
"estree-walker","npm","^2.0.2","2.0.2"
"estree-walker","npm","^3.0.3","3.0.3"
"esutils","npm","^2.0.2","2.0.3"
"etag","npm","~1.8.1","1.8.1"
"event-target-shim","npm","^5.0.0","5.0.1"
"eventemitter3","npm","^4.0.4","4.0.7"
"eventemitter3","npm","^5.0.1","5.0.1"
"execa","npm","^4.1.0","4.1.0"
"execa","npm","^5.0.0","5.1.1"
"execa","npm","^5.1.1","5.1.1"
"execa","npm","^7.1.1","7.2.0"
"execa","npm","1.0.0","1.0.0"
"exit","npm","^0.1.2","0.1.2"
"expect","npm","^29.0.0","29.7.0"
"expect","npm","^29.7.0","29.7.0"
"expect-type","npm","^0.20.0","0.20.0"
"expect-type","npm","^1.1.0","1.1.0"
"exponential-backoff","npm","^3.1.1","3.1.1"
"express","npm","^4.17.1","4.19.2"
"express","npm","^4.19.2","4.21.1"
"express","npm","^4.21.0","4.21.0"
"express","npm","4.17.1","4.17.1"
"express-session","npm","^1.17.3","1.18.0"
"extend","npm","^3.0.0","3.0.2"
"extend","npm","~3.0.2","3.0.2"
"extendable-error","npm","^0.1.5","0.1.7"
"external-editor","npm","^3.0.3","3.1.0"
"external-editor","npm","^3.1.0","3.1.0"
"extract-stack","npm","^2.0.0","2.0.0"
"extsprintf","npm","^1.2.0","1.4.1"
"extsprintf","npm","1.3.0","1.3.0"
"faker","npm","^5.5.3","5.5.3"
"fast-deep-equal","npm","^3.1.1","3.1.3"
"fast-deep-equal","npm","^3.1.3","3.1.3"
"fast-diff","npm","^1.1.2","1.3.0"
"fast-glob","npm","^3.2.12","3.3.2"
"fast-glob","npm","^3.2.9","3.3.2"
"fast-glob","npm","^3.3.0","3.3.2"
"fast-json-stable-stringify","npm","^2.0.0","2.1.0"
"fast-json-stable-stringify","npm","^2.1.0","2.1.0"
"fast-json-stable-stringify","npm","2.x","2.1.0"
"fast-levenshtein","npm","^2.0.6","2.0.6"
"fast-levenshtein","npm","~2.0.6","2.0.6"
"fast-safe-stringify","npm","^2.0.7","2.1.1"
"fast-uri","npm","^3.0.1","3.0.1"
"fast-xml-parser","npm","4.2.5","4.2.5"
"fastq","npm","^1.6.0","1.17.1"
"fb-watchman","npm","^2.0.0","2.0.2"
"fbjs","npm","^3.0.0","3.0.5"
"fbjs-css-vars","npm","^1.0.0","1.0.2"
"fdir","npm","6.1.1","6.1.1"
"fecha","npm","^4.2.0","4.2.3"
"fetch-blob","npm","^3.1.2","3.2.0"
"fetch-blob","npm","^3.1.4","3.2.0"
"fetch-event-stream","npm","^0.1.5","0.1.5"
"figlet","npm","^1.5.2","1.7.0"
"figures","npm","^1.0.1","1.7.0"
"figures","npm","^3.0.0","3.2.0"
"file-entry-cache","npm","^6.0.1","6.0.1"
"file-system-cache","npm","2.3.0","2.3.0"
"filelist","npm","^1.0.4","1.0.4"
"filesize","npm","^6.1.0","6.4.0"
"fill-range","npm","^7.0.1","7.0.1"
"finalhandler","npm","~1.1.2","1.1.2"
"finalhandler","npm","1.2.0","1.2.0"
"finalhandler","npm","1.3.1","1.3.1"
"find-cache-dir","npm","^3.0.0","3.3.2"
"find-cache-dir","npm","^3.3.1","3.3.2"
"find-up","npm","^4.0.0","4.1.0"
"find-up","npm","^4.1.0","4.1.0"
"find-up","npm","^5.0.0","5.0.0"
"find-yarn-workspace-root","npm","^2.0.0","2.0.0"
"find-yarn-workspace-root2","npm","1.2.16","1.2.16"
"flat-cache","npm","^3.0.4","3.2.0"
"flatted","npm","^3.2.9","3.3.1"
"fn.name","npm","1.x.x","1.1.0"
"follow-redirects","npm","^1.14.0","1.15.6"
"follow-redirects","npm","^1.14.4","1.15.6"
"follow-redirects","npm","^1.15.6","1.15.6"
"for-each","npm","^0.3.3","0.3.3"
"foreach","npm","^2.0.4","2.0.6"
"foreground-child","npm","^3.1.0","3.1.1"
"forever-agent","npm","~0.6.1","0.6.1"
"form-data","npm","^2.3.1","2.5.1"
"form-data","npm","^4.0.0","4.0.0"
"form-data","npm","~2.3.2","2.3.3"
"formdata-polyfill","npm","^4.0.10","4.0.10"
"formidable","npm","^1.2.0","1.2.6"
"forwarded","npm","0.2.0","0.2.0"
"fraction.js","npm","^4.3.7","4.3.7"
"framer-motion","npm","^11.0.3","11.1.8"
"fresh","npm","0.5.2","0.5.2"
"fs-exists-cached","npm","^1.0.0","1.0.0"
"fs-extra","npm","^10.0.0","10.1.0"
"fs-extra","npm","^11.1.0","11.2.0"
"fs-extra","npm","^11.2.0","11.2.0"
"fs-extra","npm","^7.0.1","7.0.1"
"fs-extra","npm","^8.1","8.1.0"
"fs-extra","npm","^8.1.0","8.1.0"
"fs-extra","npm","^9.0.1","9.1.0"
"fs-extra","npm","~7.0.1","7.0.1"
"fs-extra","npm","11.1.1","11.1.1"
"fs-extra","npm","8.1.0","8.1.0"
"fs-minipass","npm","^2.0.0","2.1.0"
"fs-minipass","npm","^3.0.0","3.0.3"
"fs.realpath","npm","^1.0.0","1.0.0"
"fsevents","npm","^2.3.2","2.3.3"
"fsevents","npm","~2.3.2","2.3.3"
"fsevents","npm","~2.3.3","2.3.3"
"fsevents","patch","fsevents@^2.3.2#~builtin<compat/fsevents>","2.3.3"
"fsevents","patch","fsevents@~2.3.2#~builtin<compat/fsevents>","2.3.3"
"fsevents","patch","fsevents@~2.3.3#~builtin<compat/fsevents>","2.3.3"
"function-bind","npm","^1.1.2","1.1.2"
"function.prototype.name","npm","^1.1.5","1.1.6"
"function.prototype.name","npm","^1.1.6","1.1.6"
"functional-red-black-tree","npm","^1.0.1","1.0.1"
"functions-have-names","npm","^1.2.3","1.2.3"
"generic-names","npm","^4.0.0","4.0.0"
"gensync","npm","^1.0.0-beta.2","1.0.0-beta.2"
"get-caller-file","npm","^2.0.1","2.0.5"
"get-caller-file","npm","^2.0.5","2.0.5"
"get-func-name","npm","^2.0.1","2.0.2"
"get-func-name","npm","^2.0.2","2.0.2"
"get-intrinsic","npm","^1.1.3","1.2.4"
"get-intrinsic","npm","^1.2.1","1.2.4"
"get-intrinsic","npm","^1.2.2","1.2.4"
"get-intrinsic","npm","^1.2.3","1.2.4"
"get-intrinsic","npm","^1.2.4","1.2.4"
"get-nonce","npm","^1.0.0","1.0.1"
"get-own-enumerable-property-symbols","npm","^3.0.0","3.0.2"
"get-package-type","npm","^0.1.0","0.1.0"
"get-port","npm","^5.1.0","5.1.1"
"get-port","npm","^5.1.1","5.1.1"
"get-port-please","npm","^3.0.1","3.1.2"
"get-stream","npm","^4.0.0","4.1.0"
"get-stream","npm","^5.0.0","5.2.0"
"get-stream","npm","^5.1.0","5.2.0"
"get-stream","npm","^6.0.0","6.0.1"
"get-stream","npm","^6.0.1","6.0.1"
"get-symbol-description","npm","^1.0.2","1.0.2"
"getopts","npm","2.3.0","2.3.0"
"getpass","npm","^0.1.1","0.1.7"
"github-slugger","npm","^2.0.0","2.0.0"
"glob","npm","^10.0.0","10.3.12"
"glob","npm","^10.2.2","10.3.12"
"glob","npm","^10.3.10","10.3.12"
"glob","npm","^10.3.7","10.3.12"
"glob","npm","^11.0.0","11.0.0"
"glob","npm","^6.0.1","6.0.4"
"glob","npm","^7.0.5","7.2.3"
"glob","npm","^7.1.1","7.2.3"
"glob","npm","^7.1.3","7.2.3"
"glob","npm","^7.1.4","7.2.3"
"glob","npm","^7.1.6","7.2.3"
"glob","npm","^7.2.0","7.2.3"
"glob","npm","^8.0.3","8.1.0"
"glob","npm","^8.1.0","8.1.0"
"glob","npm","~7.2.0","7.2.3"
"glob-parent","npm","^5.1.2","5.1.2"
"glob-parent","npm","^6.0.2","6.0.2"
"glob-parent","npm","~5.1.2","5.1.2"
"glob-promise","npm","^4.2.0","4.2.2"
"global","npm","^4.4.0","4.4.0"
"globals","npm","^11.1.0","11.12.0"
"globals","npm","^13.19.0","13.24.0"
"globals","npm","^13.6.0","13.24.0"
"globals","npm","^13.9.0","13.24.0"
"globalthis","npm","^1.0.3","1.0.4"
"globalyzer","npm","0.1.0","0.1.0"
"globby","npm","^11.0.0","11.1.0"
"globby","npm","^11.0.1","11.1.0"
"globby","npm","^11.0.3","11.1.0"
"globby","npm","^11.0.4","11.1.0"
"globby","npm","^11.1.0","11.1.0"
"globby","npm","11.1.0","11.1.0"
"globrex","npm","^0.1.2","0.1.2"
"gopd","npm","^1.0.1","1.0.1"
"got","npm","^11.8.6","11.8.6"
"graceful-fs","npm","^4.1.2","4.2.11"
"graceful-fs","npm","^4.1.5","4.2.11"
"graceful-fs","npm","^4.1.6","4.2.11"
"graceful-fs","npm","^4.2.0","4.2.11"
"graceful-fs","npm","^4.2.4","4.2.11"
"graceful-fs","npm","^4.2.6","4.2.11"
"graceful-fs","npm","^4.2.9","4.2.11"
"grapheme-splitter","npm","^1.0.4","1.0.4"
"graphemer","npm","^1.4.0","1.4.0"
"graphql","npm","^16.8.1","16.8.1"
"graphql","npm","^16.9.0","16.9.0"
"graphql-tag","npm","^2.11.0","2.12.6"
"gzip-size","npm","^3.0.0","3.0.0"
"gzip-size","npm","^5.1.1","5.1.1"
"gzip-size","npm","^6.0.0","6.0.0"
"handlebars","npm","^4.7.6","4.7.8"
"handlebars","npm","^4.7.7","4.7.8"
"handlebars","npm","4.7.7","4.7.7"
"har-schema","npm","^2.0.0","2.0.0"
"har-validator","npm","~5.1.0","5.1.5"
"har-validator","npm","~5.1.3","5.1.5"
"hard-rejection","npm","^2.1.0","2.1.0"
"has","npm","^1.0.4","1.0.4"
"has-ansi","npm","^2.0.0","2.0.0"
"has-bigints","npm","^1.0.1","1.0.2"
"has-bigints","npm","^1.0.2","1.0.2"
"has-flag","npm","^3.0.0","3.0.0"
"has-flag","npm","^4.0.0","4.0.0"
"has-property-descriptors","npm","^1.0.0","1.0.2"
"has-property-descriptors","npm","^1.0.2","1.0.2"
"has-proto","npm","^1.0.1","1.0.3"
"has-proto","npm","^1.0.3","1.0.3"
"has-symbols","npm","^1.0.2","1.0.3"
"has-symbols","npm","^1.0.3","1.0.3"
"has-tostringtag","npm","^1.0.0","1.0.2"
"has-tostringtag","npm","^1.0.2","1.0.2"
"hasown","npm","^2.0.0","2.0.2"
"hasown","npm","^2.0.1","2.0.2"
"hasown","npm","^2.0.2","2.0.2"
"hast-util-heading-rank","npm","^3.0.0","3.0.0"
"hast-util-is-element","npm","^3.0.0","3.0.0"
"hast-util-to-string","npm","^3.0.0","3.0.1"
"header-case","npm","^2.0.4","2.0.4"
"headers-polyfill","npm","^4.0.2","4.0.3"
"helpertypes","npm","^0.0.19","0.0.19"
"hosted-git-info","npm","^2.1.4","2.8.9"
"hosted-git-info","npm","^4.0.2","4.1.0"
"html-encoding-sniffer","npm","^1.0.2","1.0.2"
"html-encoding-sniffer","npm","^3.0.0","3.0.0"
"html-escaper","npm","^2.0.0","2.0.2"
"html-parse-stringify","npm","^3.0.1","3.0.1"
"html-tags","npm","^3.1.0","3.3.1"
"http-cache-semantics","npm","^4.0.0","4.1.1"
"http-cache-semantics","npm","^4.1.1","4.1.1"
"http-errors","npm","~1.7.2","1.7.3"
"http-errors","npm","1.7.2","1.7.2"
"http-errors","npm","1.8.0","1.8.0"
"http-errors","npm","2.0.0","2.0.0"
"http-proxy-agent","npm","^5.0.0","5.0.0"
"http-proxy-agent","npm","^7.0.0","7.0.2"
"http-signature","npm","~1.2.0","1.2.0"
"http-status-codes","npm","1.4.0","1.4.0"
"http2-client","npm","^1.2.5","1.3.5"
"http2-wrapper","npm","^1.0.0-beta.5.2","1.0.3"
"https-proxy-agent","npm","^5.0.1","5.0.1"
"https-proxy-agent","npm","^7.0.1","7.0.4"
"https-proxy-agent","npm","^7.0.4","7.0.5"
"human-id","npm","^1.0.2","1.0.2"
"human-signals","npm","^1.1.1","1.1.1"
"human-signals","npm","^2.1.0","2.1.0"
"human-signals","npm","^4.3.0","4.3.1"
"hyperlinker","npm","^1.0.0","1.0.0"
"i18next","npm","23.7.11","23.7.11"
"i18next-browser-languagedetector","npm","7.2.0","7.2.0"
"i18next-http-backend","npm","2.4.2","2.4.2"
"iconv-lite","npm","^0.4.24","0.4.24"
"iconv-lite","npm","^0.6.2","0.6.3"
"iconv-lite","npm","0.4.24","0.4.24"
"iconv-lite","npm","0.6.3","0.6.3"
"icss-replace-symbols","npm","^1.1.0","1.1.0"
"icss-utils","npm","^5.0.0","5.1.0"
"icss-utils","npm","^5.1.0","5.1.0"
"ieee754","npm","^1.1.13","1.2.1"
"ieee754","npm","^1.2.1","1.2.1"
"ignore","npm","^4.0.6","4.0.6"
"ignore","npm","^5.2.0","5.3.1"
"ignore","npm","^5.2.4","5.3.1"
"ignore-by-default","npm","^1.0.1","1.0.1"
"immediate","npm","^3.2.3","3.3.0"
"immediate","npm","~3.2.3","3.2.3"
"immutable","npm","~3.7.6","3.7.6"
"import-cwd","npm","^3.0.0","3.0.0"
"import-fresh","npm","^3.0.0","3.3.0"
"import-fresh","npm","^3.2.1","3.3.0"
"import-fresh","npm","^3.3.0","3.3.0"
"import-from","npm","^3.0.0","3.0.0"
"import-from","npm","4.0.0","4.0.0"
"import-in-the-middle","npm","^1.8.1","1.11.0"
"import-lazy","npm","~4.0.0","4.0.0"
"import-local","npm","^3.0.2","3.1.0"
"imurmurhash","npm","^0.1.4","0.1.4"
"indent-string","npm","^4.0.0","4.0.0"
"inflight","npm","^1.0.4","1.0.6"
"inherits","npm","^2.0.1","2.0.4"
"inherits","npm","^2.0.3","2.0.4"
"inherits","npm","^2.0.4","2.0.4"
"inherits","npm","~2.0.1","2.0.4"
"inherits","npm","~2.0.3","2.0.4"
"inherits","npm","2","2.0.4"
"inherits","npm","2.0.3","2.0.3"
"inherits","npm","2.0.4","2.0.4"
"inquirer","npm","^8.0.0","8.2.6"
"inquirer","npm","^9.2.2","9.3.6"
"integration-tests-api","workspace","integration-tests/api","0.0.0-use.local"
"integration-tests-http","workspace","integration-tests/http","0.0.0-use.local"
"integration-tests-modules","workspace","integration-tests/modules","0.0.0-use.local"
"internal-slot","npm","^1.0.4","1.0.7"
"internal-slot","npm","^1.0.7","1.0.7"
"interpret","npm","^2.2.0","2.2.0"
"intl-messageformat","npm","^10.1.0","10.5.12"
"invariant","npm","^2.2.4","2.2.4"
"ioredis","npm","^5.4.1","5.4.1"
"ip-address","npm","^9.0.5","9.0.5"
"ip-regex","npm","^2.1.0","2.1.0"
"ipaddr.js","npm","1.9.1","1.9.1"
"is-absolute","npm","^1.0.0","1.0.0"
"is-absolute-url","npm","^4.0.0","4.0.1"
"is-arguments","npm","^1.0.4","1.1.1"
"is-arguments","npm","^1.1.1","1.1.1"
"is-array-buffer","npm","^3.0.2","3.0.4"
"is-array-buffer","npm","^3.0.4","3.0.4"
"is-arrayish","npm","^0.2.1","0.2.1"
"is-arrayish","npm","^0.3.1","0.3.2"
"is-async-function","npm","^2.0.0","2.0.0"
"is-bigint","npm","^1.0.1","1.0.4"
"is-binary-path","npm","~2.1.0","2.1.0"
"is-boolean-object","npm","^1.1.0","1.1.2"
"is-buffer","npm","^2.0.5","2.0.5"
"is-builtin-module","npm","^3.2.1","3.2.1"
"is-callable","npm","^1.1.3","1.2.7"
"is-callable","npm","^1.1.4","1.2.7"
"is-callable","npm","^1.2.7","1.2.7"
"is-core-module","npm","^2.13.0","2.13.1"
"is-data-view","npm","^1.0.1","1.0.1"
"is-date-object","npm","^1.0.1","1.0.5"
"is-date-object","npm","^1.0.5","1.0.5"
"is-docker","npm","^2.0.0","2.2.1"
"is-docker","npm","^2.1.1","2.2.1"
"is-docker","npm","^2.2.1","2.2.1"
"is-docker","npm","^3.0.0","3.0.0"
"is-extglob","npm","^1.0.0","1.0.0"
"is-extglob","npm","^2.1.1","2.1.1"
"is-finalizationregistry","npm","^1.0.2","1.0.2"
"is-fullwidth-code-point","npm","^3.0.0","3.0.0"
"is-generator-fn","npm","^2.0.0","2.1.0"
"is-generator-function","npm","^1.0.10","1.0.10"
"is-generator-function","npm","^1.0.7","1.0.10"
"is-glob","npm","^2.0.0","2.0.1"
"is-glob","npm","^4.0.0","4.0.3"
"is-glob","npm","^4.0.1","4.0.3"
"is-glob","npm","^4.0.3","4.0.3"
"is-glob","npm","~4.0.1","4.0.3"
"is-inside-container","npm","^1.0.0","1.0.0"
"is-interactive","npm","^1.0.0","1.0.0"
"is-interactive","npm","^2.0.0","2.0.0"
"is-invalid-path","npm","^0.1.0","0.1.0"
"is-lambda","npm","^1.0.1","1.0.1"
"is-lower-case","npm","^2.0.2","2.0.2"
"is-map","npm","^2.0.2","2.0.3"
"is-map","npm","^2.0.3","2.0.3"
"is-module","npm","^1.0.0","1.0.0"
"is-negative-zero","npm","^2.0.3","2.0.3"
"is-node-process","npm","^1.2.0","1.2.0"
"is-number","npm","^4.0.0","4.0.0"
"is-number","npm","^7.0.0","7.0.0"
"is-number-object","npm","^1.0.4","1.0.7"
"is-obj","npm","^1.0.1","1.0.1"
"is-obj","npm","^2.0.0","2.0.0"
"is-path-cwd","npm","^2.2.0","2.2.0"
"is-path-inside","npm","^3.0.2","3.0.3"
"is-path-inside","npm","^3.0.3","3.0.3"
"is-plain-obj","npm","^1.1.0","1.1.0"
"is-plain-object","npm","5.0.0","5.0.0"
"is-potential-custom-element-name","npm","^1.0.1","1.0.1"
"is-reference","npm","^1.2.1","1.2.1"
"is-regex","npm","^1.1.4","1.1.4"
"is-regexp","npm","^1.0.0","1.0.0"
"is-relative","npm","^1.0.0","1.0.0"
"is-retry-allowed","npm","^2.2.0","2.2.0"
"is-set","npm","^2.0.2","2.0.3"
"is-set","npm","^2.0.3","2.0.3"
"is-shared-array-buffer","npm","^1.0.2","1.0.3"
"is-shared-array-buffer","npm","^1.0.3","1.0.3"
"is-stream","npm","^1.1.0","1.1.0"
"is-stream","npm","^2.0.0","2.0.1"
"is-stream","npm","^3.0.0","3.0.0"
"is-string","npm","^1.0.5","1.0.7"
"is-string","npm","^1.0.7","1.0.7"
"is-subdir","npm","^1.1.1","1.2.0"
"is-symbol","npm","^1.0.2","1.0.4"
"is-symbol","npm","^1.0.3","1.0.4"
"is-typed-array","npm","^1.1.13","1.1.13"
"is-typed-array","npm","^1.1.3","1.1.13"
"is-typedarray","npm","^1.0.0","1.0.0"
"is-typedarray","npm","~1.0.0","1.0.0"
"is-unc-path","npm","^1.0.0","1.0.0"
"is-unicode-supported","npm","^0.1.0","0.1.0"
"is-unicode-supported","npm","^1.1.0","1.3.0"
"is-upper-case","npm","^2.0.2","2.0.2"
"is-valid-path","npm","^0.1.1","0.1.1"
"is-weakmap","npm","^2.0.2","2.0.2"
"is-weakref","npm","^1.0.2","1.0.2"
"is-weakset","npm","^2.0.3","2.0.3"
"is-windows","npm","^1.0.0","1.0.2"
"is-windows","npm","^1.0.1","1.0.2"
"is-wsl","npm","^2.1.1","2.2.0"
"is-wsl","npm","^2.2.0","2.2.0"
"is-wsl","npm","^3.1.0","3.1.0"
"isarray","npm","^2.0.5","2.0.5"
"isarray","npm","~1.0.0","1.0.0"
"isarray","npm","0.0.1","0.0.1"
"isbot","npm","^3.6.13","3.8.0"
"isexe","npm","^2.0.0","2.0.0"
"isexe","npm","^3.1.1","3.1.1"
"isstream","npm","~0.1.2","0.1.2"
"istanbul-lib-coverage","npm","^3.0.0","3.2.2"
"istanbul-lib-coverage","npm","^3.2.0","3.2.2"
"istanbul-lib-instrument","npm","^5.0.4","5.2.1"
"istanbul-lib-instrument","npm","^6.0.0","6.0.2"
"istanbul-lib-report","npm","^3.0.0","3.0.1"
"istanbul-lib-source-maps","npm","^4.0.0","4.0.1"
"istanbul-lib-source-maps","npm","^4.0.1","4.0.1"
"istanbul-reports","npm","^3.1.3","3.1.7"
"istanbul-reports","npm","^3.1.5","3.1.7"
"iterate-iterator","npm","^1.0.1","1.0.2"
"iterate-value","npm","^1.0.2","1.0.2"
"iterator.prototype","npm","^1.1.2","1.1.2"
"jackspeak","npm","^2.3.6","2.3.6"
"jackspeak","npm","^4.0.1","4.0.2"
"jake","npm","^10.8.5","10.9.1"
"jest","npm","^29.1.0","29.7.0"
"jest","npm","^29.7.0","29.7.0"
"jest-changed-files","npm","^29.7.0","29.7.0"
"jest-circus","npm","^29.7.0","29.7.0"
"jest-cli","npm","^29.7.0","29.7.0"
"jest-config","npm","^29.7.0","29.7.0"
"jest-diff","npm","^29.7.0","29.7.0"
"jest-docblock","npm","^29.7.0","29.7.0"
"jest-each","npm","^29.7.0","29.7.0"
"jest-environment-node","npm","^29.7.0","29.7.0"
"jest-get-type","npm","^29.6.3","29.6.3"
"jest-haste-map","npm","^29.7.0","29.7.0"
"jest-leak-detector","npm","^29.7.0","29.7.0"
"jest-matcher-utils","npm","^29.7.0","29.7.0"
"jest-message-util","npm","^29.7.0","29.7.0"
"jest-mock","npm","^29.7.0","29.7.0"
"jest-pnp-resolver","npm","^1.2.2","1.2.3"
"jest-regex-util","npm","^29.6.3","29.6.3"
"jest-resolve","npm","^29.7.0","29.7.0"
"jest-resolve-dependencies","npm","^29.7.0","29.7.0"
"jest-runner","npm","^29.7.0","29.7.0"
"jest-runtime","npm","^29.7.0","29.7.0"
"jest-snapshot","npm","^29.7.0","29.7.0"
"jest-util","npm","^29.0.0","29.7.0"
"jest-util","npm","^29.7.0","29.7.0"
"jest-validate","npm","^29.7.0","29.7.0"
"jest-watcher","npm","^29.7.0","29.7.0"
"jest-worker","npm","^26.2.1","26.6.2"
"jest-worker","npm","^29.7.0","29.7.0"
"jiti","npm","^1.20.0","1.21.0"
"jiti","npm","^1.21.0","1.21.0"
"jju","npm","~1.4.0","1.4.0"
"joi","npm","^17.11.0","17.13.1"
"joycon","npm","^3.0.1","3.1.1"
"joycon","npm","^3.1.1","3.1.1"
"js-levenshtein","npm","^1.1.6","1.1.6"
"js-tokens","npm","^3.0.0 || ^4.0.0","4.0.0"
"js-tokens","npm","^4.0.0","4.0.0"
"js-yaml","npm","^3.13.0","3.14.1"
"js-yaml","npm","^3.13.1","3.14.1"
"js-yaml","npm","^3.6.1","3.14.1"
"js-yaml","npm","^4.1.0","4.1.0"
"js-yaml","npm","3.14.1","3.14.1"
"jsbn","npm","~0.1.0","0.1.1"
"jsbn","npm","1.1.0","1.1.0"
"jsdoc-type-pratt-parser","npm","^4.0.0","4.1.0"
"jsdom","npm","^22.1.0","22.1.0"
"jsdom","npm","15.2.1","15.2.1"
"jsesc","npm","^2.5.1","2.5.2"
"jsesc","npm","~0.5.0","0.5.0"
"json-2-csv","npm","^5.5.4","5.5.4"
"json-buffer","npm","3.0.1","3.0.1"
"json-parse-even-better-errors","npm","^2.3.0","2.3.1"
"json-pointer","npm","^0.6.2","0.6.2"
"json-pointer","npm","0.6.2","0.6.2"
"json-schema","npm","0.4.0","0.4.0"
"json-schema-traverse","npm","^0.4.1","0.4.1"
"json-schema-traverse","npm","^1.0.0","1.0.0"
"json-stable-stringify-without-jsonify","npm","^1.0.1","1.0.1"
"json-stringify-safe","npm","~5.0.1","5.0.1"
"json-to-ast","npm","^2.0.3","2.1.0"
"json5","npm","^2.1.2","2.2.3"
"json5","npm","^2.2.2","2.2.3"
"json5","npm","^2.2.3","2.2.3"
"jsonc-parser","npm","^3.2.0","3.2.1"
"jsonfile","npm","^4.0.0","4.0.0"
"jsonfile","npm","^6.0.1","6.1.0"
"jsonparse","npm","^1.2.0","1.3.1"
"jsonpointer","npm","^5.0.0","5.0.1"
"JSONStream","npm","1.3.5","1.3.5"
"jsonwebtoken","npm","^9.0.2","9.0.2"
"jsonwebtoken","npm","8.5.1","8.5.1"
"jsprim","npm","^1.2.2","1.4.2"
"jsx-ast-utils","npm","^2.4.1 || ^3.0.0","3.3.5"
"jwa","npm","^1.4.1","1.4.1"
"jws","npm","^3.2.2","3.2.2"
"keygrip","npm","~1.1.0","1.1.0"
"keyv","npm","^4.0.0","4.5.4"
"keyv","npm","^4.5.3","4.5.4"
"kind-of","npm","^6.0.0","6.0.3"
"kind-of","npm","^6.0.3","6.0.3"
"kleur","npm","^3.0.3","3.0.3"
"kleur","npm","^4.1.3","4.1.5"
"kleur","npm","^4.1.5","4.1.5"
"kleur","npm","4.1.4","4.1.4"
"knex","npm","2.5.1","2.5.1"
"kuler","npm","^2.0.0","2.0.0"
"lazy-universal-dotenv","npm","^4.0.0","4.0.0"
"less-loader","npm","^11.1.0","11.1.4"
"level","npm","5.0.1","5.0.1"
"level-codec","npm","^9.0.0","9.0.2"
"level-concat-iterator","npm","~2.0.0","2.0.1"
"level-errors","npm","^2.0.0","2.0.1"
"level-errors","npm","~2.0.0","2.0.1"
"level-iterator-stream","npm","~4.0.0","4.0.2"
"level-js","npm","^4.0.0","4.0.2"
"level-packager","npm","^5.0.0","5.1.1"
"level-supports","npm","~1.0.0","1.0.1"
"leveldown","npm","^5.0.0","5.6.0"
"levelup","npm","^4.3.2","4.4.0"
"leven","npm","^3.1.0","3.1.0"
"levn","npm","^0.4.1","0.4.1"
"levn","npm","~0.3.0","0.3.0"
"lilconfig","npm","^2.0.3","2.1.0"
"lilconfig","npm","^2.0.5","2.1.0"
"lilconfig","npm","^2.1.0","2.1.0"
"lilconfig","npm","^3.0.0","3.1.1"
"line-counter","npm","^1.0.3","1.1.0"
"lines-and-columns","npm","^1.1.6","1.2.4"
"lint-staged","npm","^11.2.6","11.2.6"
"listr2","npm","^3.12.2","3.14.0"
"load-tsconfig","npm","^0.2.3","0.2.5"
"load-yaml-file","npm","^0.2.0","0.2.0"
"loader-utils","npm","^2.0.0","2.0.4"
"loader-utils","npm","^3.2.0","3.2.1"
"local-pkg","npm","^0.4.3","0.4.3"
"locate-path","npm","^5.0.0","5.0.0"
"locate-path","npm","^6.0.0","6.0.0"
"lockfile","npm","1.0.4","1.0.4"
"lodash","npm","^4.17.11","4.17.21"
"lodash","npm","^4.17.15","4.17.21"
"lodash","npm","^4.17.19","4.17.21"
"lodash","npm","^4.17.21","4.17.21"
"lodash","npm","~4.17.0","4.17.21"
"lodash","npm","~4.17.21","4.17.21"
"lodash","npm","4.17.21","4.17.21"
"lodash.camelcase","npm","^4.3.0","4.3.0"
"lodash.debounce","npm","^4.0.8","4.0.8"
"lodash.defaults","npm","^4.2.0","4.2.0"
"lodash.get","npm","^4.4.2","4.4.2"
"lodash.includes","npm","^4.3.0","4.3.0"
"lodash.isarguments","npm","^3.1.0","3.1.0"
"lodash.isboolean","npm","^3.0.3","3.0.3"
"lodash.isequal","npm","^4.5.0","4.5.0"
"lodash.isinteger","npm","^4.0.4","4.0.4"
"lodash.isnumber","npm","^3.0.3","3.0.3"
"lodash.isplainobject","npm","^4.0.6","4.0.6"
"lodash.isstring","npm","^4.0.1","4.0.1"
"lodash.memoize","npm","^4.1.2","4.1.2"
"lodash.memoize","npm","4.x","4.1.2"
"lodash.merge","npm","^4.6.2","4.6.2"
"lodash.once","npm","^4.0.0","4.1.1"
"lodash.sortby","npm","^4.7.0","4.7.0"
"lodash.startcase","npm","^4.4.0","4.4.0"
"lodash.truncate","npm","^4.4.2","4.4.2"
"lodash.uniq","npm","^4.5.0","4.5.0"
"log-symbols","npm","^4.1.0","4.1.0"
"log-symbols","npm","^5.1.0","5.1.0"
"log-update","npm","^4.0.0","4.0.0"
"logform","npm","^2.3.2","2.6.0"
"logform","npm","^2.4.0","2.6.0"
"logform","npm","^2.6.0","2.6.1"
"long","npm","^5.0.0","5.2.3"
"long-timeout","npm","0.1.1","0.1.1"
"loose-envify","npm","^1.0.0","1.4.0"
"loose-envify","npm","^1.1.0","1.4.0"
"loose-envify","npm","^1.4.0","1.4.0"
"loupe","npm","^2.3.6","2.3.7"
"loupe","npm","^3.1.0","3.1.2"
"loupe","npm","^3.1.1","3.1.2"
"loupe","npm","^3.1.2","3.1.2"
"lower-case","npm","^2.0.2","2.0.2"
"lower-case-first","npm","^2.0.2","2.0.2"
"lowercase-keys","npm","^2.0.0","2.0.0"
"lru-cache","npm","^10.0.1","10.2.2"
"lru-cache","npm","^10.2.0","10.2.2"
"lru-cache","npm","^11.0.0","11.0.1"
"lru-cache","npm","^4.0.1","4.1.5"
"lru-cache","npm","^5.1.1","5.1.1"
"lru-cache","npm","^6.0.0","6.0.0"
"ltgt","npm","^2.1.2","2.2.1"
"lunr","npm","^2.3.9","2.3.9"
"lunr","npm",">= 2.3.0 < 2.4.0","2.3.9"
"lunr-mutable-indexes","npm","2.3.2","2.3.2"
"luxon","npm","^3.2.1","3.4.4"
"lz-string","npm","^1.5.0","1.5.0"
"magic-string","npm","^0.25.7","0.25.9"
"magic-string","npm","^0.27.0","0.27.0"
"magic-string","npm","^0.30.0","0.30.10"
"magic-string","npm","^0.30.11","0.30.12"
"magic-string","npm","^0.30.12","0.30.12"
"magic-string","npm","^0.30.2","0.30.10"
"magic-string","npm","^0.30.3","0.30.10"
"magic-string","npm","~0.30.0","0.30.10"
"magic-string","npm","0.30.5","0.30.5"
"make-dir","npm","^3.0.0","3.1.0"
"make-dir","npm","^3.0.2","3.1.0"
"make-dir","npm","^4.0.0","4.0.0"
"make-error","npm","^1.1.1","1.3.6"
"make-error","npm","^1.3.6","1.3.6"
"make-error","npm","1.x","1.3.6"
"make-fetch-happen","npm","^13.0.0","13.0.1"
"makeerror","npm","1.0.12","1.0.12"
"map-cache","npm","^0.2.0","0.2.2"
"map-obj","npm","^1.0.0","1.0.1"
"map-obj","npm","^4.0.0","4.3.0"
"map-or-similar","npm","^1.5.0","1.5.0"
"mark.js","npm","^8.11.1","8.11.1"
"markdown-to-jsx","npm","^7.4.5","7.5.0"
"marked","npm","^2.0.1","2.1.3"
"marked","npm","^4.3.0","4.3.0"
"marked","npm","2.0.1","2.0.1"
"match-sorter","npm","^6.3.4","6.3.4"
"math-random","npm","^1.0.1","1.0.4"
"maxmin","npm","^2.1.0","2.1.0"
"mdn-data","npm","2.0.14","2.0.14"
"mdn-data","npm","2.0.28","2.0.28"
"mdn-data","npm","2.0.30","2.0.30"
"meant","npm","^1.0.3","1.0.3"
"media-typer","npm","0.3.0","0.3.0"
"medusa-dev-cli","workspace","packages/cli/medusa-dev-cli","0.0.0-use.local"
"memoizerific","npm","^1.11.3","1.11.3"
"meow","npm","^6.0.0","6.1.1"
"merge-descriptors","npm","1.0.1","1.0.1"
"merge-descriptors","npm","1.0.3","1.0.3"
"merge-stream","npm","^2.0.0","2.0.0"
"merge2","npm","^1.3.0","1.4.1"
"merge2","npm","^1.4.1","1.4.1"
"methods","npm","^1.1.1","1.1.2"
"methods","npm","^1.1.2","1.1.2"
"methods","npm","~1.1.2","1.1.2"
"microbundle","npm","^0.13.3","0.13.3"
"micromatch","npm","^4.0.2","4.0.5"
"micromatch","npm","^4.0.4","4.0.5"
"micromatch","npm","^4.0.5","4.0.5"
"mikro-orm","npm","5.9.7","5.9.7"
"mime","npm","^1.4.1","1.6.0"
"mime","npm","1.6.0","1.6.0"
"mime","npm","2.5.2","2.5.2"
"mime-db","npm",">= 1.43.0 < 2","1.52.0"
"mime-db","npm","1.52.0","1.52.0"
"mime-types","npm","^2.1.12","2.1.35"
"mime-types","npm","~2.1.19","2.1.35"
"mime-types","npm","~2.1.24","2.1.35"
"mime-types","npm","~2.1.34","2.1.35"
"mimic-fn","npm","^2.1.0","2.1.0"
"mimic-fn","npm","^4.0.0","4.0.0"
"mimic-response","npm","^1.0.0","1.0.1"
"mimic-response","npm","^3.1.0","3.1.0"
"min-document","npm","^2.19.0","2.19.0"
"min-indent","npm","^1.0.0","1.0.1"
"min-indent","npm","^1.0.1","1.0.1"
"mini-svg-data-uri","npm","^1.2.3","1.4.4"
"minimatch","npm","^10.0.0","10.0.1"
"minimatch","npm","^3.0.3","3.1.2"
"minimatch","npm","^3.0.4","3.1.2"
"minimatch","npm","^3.0.5","3.1.2"
"minimatch","npm","^3.1.1","3.1.2"
"minimatch","npm","^3.1.2","3.1.2"
"minimatch","npm","^5.0.1","5.1.6"
"minimatch","npm","^9.0.1","9.0.4"
"minimatch","npm","2 || 3","3.1.2"
"minimatch","npm","3.0.4","3.0.4"
"minimatch","npm","9.0.3","9.0.3"
"minimist","npm","^1.2.5","1.2.8"
"minimist","npm","^1.2.6","1.2.8"
"minimist","npm","^1.2.8","1.2.8"
"minimist-options","npm","^4.0.2","4.1.0"
"minipass","npm","^3.0.0","3.3.6"
"minipass","npm","^5.0.0","5.0.0"
"minipass","npm","^5.0.0 || ^6.0.2 || ^7.0.0","7.1.0"
"minipass","npm","^7.0.2","7.1.0"
"minipass","npm","^7.0.3","7.1.0"
"minipass","npm","^7.0.4","7.1.0"
"minipass","npm","^7.1.2","7.1.2"
"minipass-collect","npm","^2.0.1","2.0.1"
"minipass-fetch","npm","^3.0.0","3.0.5"
"minipass-flush","npm","^1.0.5","1.0.5"
"minipass-pipeline","npm","^1.2.4","1.2.4"
"minipass-sized","npm","^1.0.3","1.0.3"
"minizlib","npm","^2.1.1","2.1.2"
"minizlib","npm","^2.1.2","2.1.2"
"mixme","npm","^0.5.1","0.5.10"
"mkdirp","npm","^0.5.4","0.5.6"
"mkdirp","npm","^1.0.3","1.0.4"
"mkdirp","npm","^1.0.4","1.0.4"
"mkdirp","npm","~0.5.1","0.5.6"
"mkdirp","npm","~3.0.0","3.0.1"
"mkdirp","npm","0.5.5","0.5.5"
"mlly","npm","^1.4.0","1.7.0"
"mlly","npm","^1.6.1","1.7.0"
"mobx","npm","^6.0.4","6.13.2"
"mobx-react","npm","^9.1.1","9.1.1"
"mobx-react-lite","npm","^4.0.7","4.0.7"
"module-details-from-path","npm","^1.0.3","1.0.3"
"moment","npm","^2.19.3","2.30.1"
"moment","npm","~2.30.1","2.30.1"
"morgan","npm","^1.9.1","1.10.0"
"mri","npm","^1.1.0","1.2.0"
"mrmime","npm","^2.0.0","2.0.0"
"ms","npm","^2.1.1","2.1.3"
"ms","npm","^2.1.3","2.1.3"
"ms","npm","2.0.0","2.0.0"
"ms","npm","2.1.1","2.1.1"
"ms","npm","2.1.2","2.1.2"
"ms","npm","2.1.3","2.1.3"
"msgpackr","npm","^1.10.1","1.10.1"
"msgpackr-extract","npm","^3.0.2","3.0.2"
"msw","npm","^2.3.0","2.3.0"
"multer","npm","^1.4.5-lts.1","1.4.5-lts.1"
"multilang-extract-comments","npm","^0.4.0","0.4.0"
"mute-stream","npm","^1.0.0","1.0.0"
"mute-stream","npm","0.0.8","0.0.8"
"mute-stream","npm","1.0.0","1.0.0"
"mv","npm","~2","2.1.1"
"mv","npm","2.1.1","2.1.1"
"mylas","npm","^2.1.9","2.1.13"
"mz","npm","^2.7.0","2.7.0"
"nan","npm","^2.14.0","2.20.0"
"nanoid","npm","^3.3.7","3.3.7"
"nanoid","npm","^4.0.2","4.0.2"
"napi-macros","npm","~2.0.0","2.0.0"
"natural-compare","npm","^1.4.0","1.4.0"
"natural-orderby","npm","^2.0.1","2.0.3"
"ncp","npm","~2.0.0","2.0.0"
"negotiator","npm","^0.6.3","0.6.3"
"negotiator","npm","0.6.3","0.6.3"
"neo-async","npm","^2.6.0","2.6.2"
"neo-async","npm","^2.6.2","2.6.2"
"nice-try","npm","^1.0.4","1.0.5"
"no-case","npm","^3.0.4","3.0.4"
"node-abort-controller","npm","^3.1.1","3.1.1"
"node-domexception","npm","^1.0.0","1.0.0"
"node-emoji","npm","^2.0.2","2.1.3"
"node-fetch","npm","^2.0.0","2.7.0"
"node-fetch","npm","^2.5.0","2.7.0"
"node-fetch","npm","^2.6.1","2.7.0"
"node-fetch","npm","^2.6.12","2.7.0"
"node-fetch","npm","^3.3.1","3.3.2"
"node-fetch-h2","npm","^2.3.0","2.3.0"
"node-gyp","npm","latest","10.1.0"
"node-gyp-build","npm","~4.1.0","4.1.1"
"node-gyp-build-optional-packages","npm","5.0.7","5.0.7"
"node-int64","npm","^0.4.0","0.4.0"
"node-readfiles","npm","^0.2.0","0.2.0"
"node-releases","npm","^2.0.14","2.0.14"
"node-releases","npm","^2.0.18","2.0.18"
"node-schedule","npm","^2.1.1","2.1.1"
"nodemon","npm","^2.0.20","2.0.22"
"noms","npm","0.0.0","0.0.0"
"nopt","npm","^7.0.0","7.2.1"
"nopt","npm","~1.0.10","1.0.10"
"normalize-package-data","npm","^2.5.0","2.5.0"
"normalize-path","npm","^3.0.0","3.0.0"
"normalize-path","npm","~3.0.0","3.0.0"
"normalize-range","npm","^0.1.2","0.1.2"
"normalize-url","npm","^6.0.1","6.1.0"
"npm-run-path","npm","^2.0.0","2.0.2"
"npm-run-path","npm","^4.0.0","4.0.1"
"npm-run-path","npm","^4.0.1","4.0.1"
"npm-run-path","npm","^5.1.0","5.3.0"
"nth-check","npm","^2.0.1","2.1.1"
"nullthrows","npm","^1.1.1","1.1.1"
"number-is-nan","npm","^1.0.0","1.0.1"
"nwsapi","npm","^2.2.0","2.2.12"
"nwsapi","npm","^2.2.4","2.2.9"
"oas-kit-common","npm","^1.0.8","1.0.8"
"oas-linter","npm","^3.2.2","3.2.2"
"oas-resolver","npm","^2.5.6","2.5.6"
"oas-schema-walker","npm","^1.1.5","1.1.5"
"oas-validator","npm","^5.0.8","5.0.8"
"oauth-sign","npm","~0.9.0","0.9.0"
"object-assign","npm","^4","4.1.1"
"object-assign","npm","^4.0.1","4.1.1"
"object-assign","npm","^4.1.0","4.1.1"
"object-assign","npm","^4.1.1","4.1.1"
"object-hash","npm","^3.0.0","3.0.0"
"object-inspect","npm","^1.13.1","1.13.1"
"object-is","npm","^1.1.5","1.1.6"
"object-keys","npm","^1.1.1","1.1.1"
"object-path","npm","^0.11.8","0.11.8"
"object-treeify","npm","^1.1.4","1.1.33"
"object.assign","npm","^4.1.4","4.1.5"
"object.assign","npm","^4.1.5","4.1.5"
"object.entries","npm","^1.1.7","1.1.8"
"object.fromentries","npm","^2.0.7","2.0.8"
"object.hasown","npm","^1.1.3","1.1.4"
"object.values","npm","^1.1.6","1.2.0"
"object.values","npm","^1.1.7","1.2.0"
"obuf","npm","~1.1.2","1.1.2"
"on-finished","npm","~2.3.0","2.3.0"
"on-finished","npm","2.4.1","2.4.1"
"on-headers","npm","~1.0.2","1.0.2"
"once","npm","^1.3.0","1.4.0"
"once","npm","^1.3.1","1.4.0"
"once","npm","^1.4.0","1.4.0"
"one-time","npm","^1.0.0","1.0.0"
"onetime","npm","^5.1.0","5.1.2"
"onetime","npm","^5.1.2","5.1.2"
"onetime","npm","^6.0.0","6.0.0"
"open","npm","^10.1.0","10.1.0"
"open","npm","^8.0.4","8.4.2"
"open","npm","^8.4.0","8.4.2"
"open","npm","^9.1.0","9.1.0"
"openapi-sampler","npm","^1.5.0","1.5.1"
"openapi3-ts","npm","^3.1.2","3.2.0"
"opencollective-postinstall","npm","^2.0.0","2.0.3"
"optionator","npm","^0.8.1","0.8.3"
"optionator","npm","^0.9.1","0.9.4"
"optionator","npm","^0.9.3","0.9.4"
"ora","npm","^5.4.1","5.4.1"
"ora","npm","^6.3.0","6.3.1"
"os-tmpdir","npm","~1.0.2","1.0.2"
"outdent","npm","^0.5.0","0.5.0"
"outdent","npm","^0.8.0","0.8.0"
"outvariant","npm","^1.2.1","1.4.2"
"outvariant","npm","^1.4.0","1.4.2"
"outvariant","npm","^1.4.2","1.4.2"
"p-cancelable","npm","^2.0.0","2.1.1"
"p-filter","npm","^2.1.0","2.1.0"
"p-finally","npm","^1.0.0","1.0.0"
"p-limit","npm","^2.2.0","2.3.0"
"p-limit","npm","^3.0.2","3.1.0"
"p-limit","npm","^3.1.0","3.1.0"
"p-limit","npm","^4.0.0","4.0.0"
"p-locate","npm","^4.1.0","4.1.0"
"p-locate","npm","^5.0.0","5.0.0"
"p-map","npm","^2.0.0","2.1.0"
"p-map","npm","^4.0.0","4.0.0"
"p-queue","npm","^6.6.2","6.6.2"
"p-timeout","npm","^3.2.0","3.2.0"
"p-try","npm","^2.0.0","2.2.0"
"package-json-from-dist","npm","^1.0.0","1.0.0"
"package-name-regex","npm","~2.0.6","2.0.6"
"packet-reader","npm","1.0.0","1.0.0"
"param-case","npm","^3.0.4","3.0.4"
"parent-module","npm","^1.0.0","1.0.1"
"parent-require","npm","^1.0.0","1.0.0"
"parse-filepath","npm","^1.0.2","1.0.2"
"parse-json","npm","^5.0.0","5.2.0"
"parse-json","npm","^5.2.0","5.2.0"
"parse5","npm","^7.0.0","7.1.2"
"parse5","npm","^7.1.2","7.1.2"
"parse5","npm","5.1.0","5.1.0"
"parseurl","npm","~1.3.3","1.3.3"
"pascal-case","npm","^3.1.2","3.1.2"
"password-prompt","npm","^1.1.2","1.1.3"
"path-browserify","npm","^1.0.1","1.0.1"
"path-case","npm","^3.0.4","3.0.4"
"path-exists","npm","^4.0.0","4.0.0"
"path-is-absolute","npm","^1.0.0","1.0.1"
"path-key","npm","^2.0.0","2.0.1"
"path-key","npm","^2.0.1","2.0.1"
"path-key","npm","^3.0.0","3.1.1"
"path-key","npm","^3.1.0","3.1.1"
"path-key","npm","^4.0.0","4.0.0"
"path-parse","npm","^1.0.6","1.0.7"
"path-parse","npm","^1.0.7","1.0.7"
"path-root","npm","^0.1.1","0.1.1"
"path-root-regex","npm","^0.1.0","0.1.2"
"path-scurry","npm","^1.10.2","1.10.2"
"path-scurry","npm","^2.0.0","2.0.0"
"path-to-regexp","npm","^6.2.0","6.2.2"
"path-to-regexp","npm","0.1.10","0.1.10"
"path-to-regexp","npm","0.1.7","0.1.7"
"path-type","npm","^4.0.0","4.0.0"
"pathe","npm","^1.1.1","1.1.2"
"pathe","npm","^1.1.2","1.1.2"
"pathval","npm","^1.1.1","1.1.1"
"pathval","npm","^2.0.0","2.0.0"
"perfect-debounce","npm","^1.0.0","1.0.0"
"perfect-scrollbar","npm","^1.5.5","1.5.5"
"performance-now","npm","^2.1.0","2.1.0"
"pg","npm","8.11.3","8.11.3"
"pg-cloudflare","npm","^1.1.1","1.1.1"
"pg-connection-string","npm","^2.6.2","2.6.4"
"pg-connection-string","npm","^2.7.0","2.7.0"
"pg-connection-string","npm","2.6.1","2.6.1"
"pg-god","npm","^1.0.12","1.0.12"
"pg-int8","npm","1.0.1","1.0.1"
"pg-numeric","npm","1.0.2","1.0.2"
"pg-pool","npm","^3.6.1","3.6.2"
"pg-protocol","npm","*","1.6.1"
"pg-protocol","npm","^1.6.0","1.6.1"
"pg-types","npm","^2.1.0","2.2.0"
"pg-types","npm","^2.2.0","2.2.0"
"pg-types","npm","^4.0.1","4.0.2"
"pgpass","npm","1.x","1.0.5"
"picocolors","npm","^1.0.0","1.0.0"
"picocolors","npm","^1.0.1","1.1.0"
"picocolors","npm","^1.1.0","1.1.0"
"picomatch","npm","^2.0.4","2.3.1"
"picomatch","npm","^2.2.1","2.3.1"
"picomatch","npm","^2.2.2","2.3.1"
"picomatch","npm","^2.2.3","2.3.1"
"picomatch","npm","^2.3.0","2.3.1"
"picomatch","npm","^2.3.1","2.3.1"
"pify","npm","^2.3.0","2.3.0"
"pify","npm","^4.0.1","4.0.1"
"pify","npm","^5.0.0","5.0.0"
"pirates","npm","^4.0.1","4.0.6"
"pirates","npm","^4.0.4","4.0.6"
"pkg-dir","npm","^4.1.0","4.2.0"
"pkg-dir","npm","^4.2.0","4.2.0"
"pkg-dir","npm","^5.0.0","5.0.0"
"pkg-types","npm","^1.1.0","1.1.0"
"pkginfo","npm","0.4.1","0.4.1"
"please-upgrade-node","npm","^3.2.0","3.2.0"
"plimit-lit","npm","^1.2.6","1.6.1"
"pluralize","npm","^8.0.0","8.0.0"
"pn","npm","^1.1.0","1.1.0"
"polished","npm","^4.2.2","4.3.1"
"pony-cause","npm","^2.1.4","2.1.11"
"possible-typed-array-names","npm","^1.0.0","1.0.0"
"postcss","npm","^8.2.1","8.4.38"
"postcss","npm","^8.2.14","8.4.38"
"postcss","npm","^8.4.23","8.4.38"
"postcss","npm","^8.4.27","8.4.38"
"postcss","npm","^8.4.32","8.4.38"
"postcss","npm","^8.4.33","8.4.38"
"postcss","npm","^8.4.38","8.4.38"
"postcss","npm","^8.4.43","8.4.47"
"postcss","npm","8.4.38","8.4.38"
"postcss-calc","npm","^8.2.3","8.2.4"
"postcss-colormin","npm","^5.3.1","5.3.1"
"postcss-convert-values","npm","^5.1.3","5.1.3"
"postcss-discard-comments","npm","^5.1.2","5.1.2"
"postcss-discard-duplicates","npm","^5.1.0","5.1.0"
"postcss-discard-empty","npm","^5.1.1","5.1.1"
"postcss-discard-overridden","npm","^5.1.0","5.1.0"
"postcss-import","npm","^15.1.0","15.1.0"
"postcss-js","npm","^4.0.1","4.0.1"
"postcss-load-config","npm","^3.0.0","3.1.4"
"postcss-load-config","npm","^4.0.1","4.0.2"
"postcss-loader","npm","^7.2.4","7.3.4"
"postcss-merge-longhand","npm","^5.1.7","5.1.7"
"postcss-merge-rules","npm","^5.1.4","5.1.4"
"postcss-minify-font-values","npm","^5.1.0","5.1.0"
"postcss-minify-gradients","npm","^5.1.1","5.1.1"
"postcss-minify-params","npm","^5.1.4","5.1.4"
"postcss-minify-selectors","npm","^5.2.1","5.2.1"
"postcss-modules","npm","^4.0.0","4.3.1"
"postcss-modules-extract-imports","npm","^3.0.0","3.1.0"
"postcss-modules-extract-imports","npm","^3.1.0","3.1.0"
"postcss-modules-local-by-default","npm","^4.0.0","4.0.5"
"postcss-modules-local-by-default","npm","^4.0.5","4.0.5"
"postcss-modules-scope","npm","^3.0.0","3.2.0"
"postcss-modules-scope","npm","^3.2.0","3.2.0"
"postcss-modules-values","npm","^4.0.0","4.0.0"
"postcss-nested","npm","^6.0.1","6.0.1"
"postcss-normalize-charset","npm","^5.1.0","5.1.0"
"postcss-normalize-display-values","npm","^5.1.0","5.1.0"
"postcss-normalize-positions","npm","^5.1.1","5.1.1"
"postcss-normalize-repeat-style","npm","^5.1.1","5.1.1"
"postcss-normalize-string","npm","^5.1.0","5.1.0"
"postcss-normalize-timing-functions","npm","^5.1.0","5.1.0"
"postcss-normalize-unicode","npm","^5.1.1","5.1.1"
"postcss-normalize-url","npm","^5.1.0","5.1.0"
"postcss-normalize-whitespace","npm","^5.1.1","5.1.1"
"postcss-ordered-values","npm","^5.1.3","5.1.3"
"postcss-reduce-initial","npm","^5.1.2","5.1.2"
"postcss-reduce-transforms","npm","^5.1.0","5.1.0"
"postcss-selector-parser","npm","^6.0.11","6.0.16"
"postcss-selector-parser","npm","^6.0.2","6.0.16"
"postcss-selector-parser","npm","^6.0.4","6.0.16"
"postcss-selector-parser","npm","^6.0.5","6.0.16"
"postcss-selector-parser","npm","^6.0.9","6.0.16"
"postcss-svgo","npm","^5.1.0","5.1.0"
"postcss-unique-selectors","npm","^5.1.1","5.1.1"
"postcss-value-parser","npm","^4.0.0","4.2.0"
"postcss-value-parser","npm","^4.0.2","4.2.0"
"postcss-value-parser","npm","^4.1.0","4.2.0"
"postcss-value-parser","npm","^4.2.0","4.2.0"
"postgres-array","npm","~2.0.0","2.0.0"
"postgres-array","npm","~3.0.1","3.0.2"
"postgres-bytea","npm","~1.0.0","1.0.0"
"postgres-bytea","npm","~3.0.0","3.0.0"
"postgres-date","npm","~1.0.4","1.0.7"
"postgres-date","npm","~2.1.0","2.1.0"
"postgres-interval","npm","^1.1.0","1.2.0"
"postgres-interval","npm","^3.0.0","3.0.0"
"postgres-range","npm","^1.1.1","1.1.4"
"preferred-pm","npm","^3.0.0","3.1.3"
"prelude-ls","npm","^1.2.1","1.2.1"
"prelude-ls","npm","~1.1.2","1.1.2"
"prettier","npm","^2.7.1","2.8.8"
"prettier","npm","^2.8.0","2.8.8"
"prettier","npm","^2.8.7","2.8.8"
"prettier","npm","^2.8.8","2.8.8"
"prettier","npm","^3.1.1","3.2.5"
"prettier-linter-helpers","npm","^1.0.0","1.0.0"
"prettier-plugin-tailwindcss","npm","^0.2.3","0.2.8"
"pretty-bytes","npm","^3.0.0","3.0.1"
"pretty-bytes","npm","^5.4.1","5.6.0"
"pretty-format","npm","^27.0.2","27.5.1"
"pretty-format","npm","^29.0.0","29.7.0"
"pretty-format","npm","^29.5.0","29.7.0"
"pretty-format","npm","^29.7.0","29.7.0"
"pretty-hrtime","npm","^1.0.3","1.0.3"
"prism-react-renderer","npm","^2.0.6","2.3.1"
"prismjs","npm","^1.29.0","1.29.0"
"proc-log","npm","^3.0.0","3.0.0"
"proc-log","npm","^4.2.0","4.2.0"
"process","npm","^0.11.10","0.11.10"
"process-nextick-args","npm","~2.0.0","2.0.1"
"progress","npm","^2.0.0","2.0.3"
"promise","npm","^7.1.1","7.3.1"
"promise-retry","npm","^2.0.1","2.0.1"
"promise.any","npm","^2.0.2","2.0.6"
"promise.series","npm","^0.2.0","0.2.0"
"prompts","npm","^2.0.1","2.4.2"
"prompts","npm","^2.4.2","2.4.2"
"prop-types","npm","^15.5.0","15.8.1"
"prop-types","npm","^15.7.2","15.8.1"
"prop-types","npm","^15.8.1","15.8.1"
"protobufjs","npm","^7.2.5","7.4.0"
"protobufjs","npm","^7.3.0","7.4.0"
"proxy-addr","npm","~2.0.5","2.0.7"
"proxy-addr","npm","~2.0.7","2.0.7"
"proxy-from-env","npm","^1.1.0","1.1.0"
"prr","npm","~1.0.1","1.0.1"
"pseudomap","npm","^1.0.2","1.0.2"
"psl","npm","^1.1.24","1.9.0"
"psl","npm","^1.1.28","1.9.0"
"psl","npm","^1.1.33","1.9.0"
"pstree.remy","npm","^1.1.8","1.1.8"
"pump","npm","^3.0.0","3.0.0"
"punycode","npm","^1.4.1","1.4.1"
"punycode","npm","^2.1.0","2.3.1"
"punycode","npm","^2.1.1","2.3.1"
"punycode","npm","^2.3.0","2.3.1"
"pure-rand","npm","^6.0.0","6.1.0"
"qs","npm","^6.10.0","6.12.1"
"qs","npm","^6.11.0","6.12.1"
"qs","npm","^6.11.2","6.12.1"
"qs","npm","^6.12.0","6.12.1"
"qs","npm","^6.12.1","6.12.1"
"qs","npm","^6.5.1","6.12.1"
"qs","npm","~6.5.2","6.5.3"
"qs","npm","6.11.0","6.11.0"
"qs","npm","6.13.0","6.13.0"
"qs","npm","6.7.0","6.7.0"
"querystringify","npm","^2.1.1","2.2.0"
"queue-lit","npm","^1.5.1","1.5.2"
"queue-microtask","npm","^1.2.2","1.2.3"
"quick-lru","npm","^4.0.1","4.0.1"
"quick-lru","npm","^5.1.1","5.1.1"
"quotemeta","npm","0.0.0","0.0.0"
"ramda","npm","0.29.0","0.29.0"
"random-bytes","npm","~1.0.0","1.0.0"
"randomatic","npm","^3.1.1","3.1.1"
"randombytes","npm","^2.1.0","2.1.0"
"range-parser","npm","~1.2.1","1.2.1"
"raw-body","npm","2.4.0","2.4.0"
"raw-body","npm","2.5.2","2.5.2"
"react","npm","^16.8.0 || ^17.0.0 || ^18.0.0","18.3.1"
"react","npm","^17.0.1","17.0.2"
"react","npm","^18.2.0","18.3.1"
"react-aria","npm","^3.33.1","3.33.1"
"react-colorful","npm","^5.1.2","5.6.1"
"react-country-flag","npm","^3.1.0","3.1.0"
"react-currency-input-field","npm","^3.6.11","3.8.0"
"react-docgen","npm","^7.0.0","7.0.3"
"react-docgen-typescript","npm","^2.2.2","2.2.2"
"react-dom","npm","^16.8.0 || ^17.0.0 || ^18.0.0","18.3.1"
"react-dom","npm","^17.0.1","17.0.2"
"react-dom","npm","^18.2.0","18.3.1"
"react-element-to-jsx-string","npm","^15.0.0","15.0.0"
"react-fast-compare","npm","^3.2.2","3.2.2"
"react-helmet-async","npm","^2.0.5","2.0.5"
"react-hook-form","npm","7.49.1","7.49.1"
"react-i18next","npm","13.5.0","13.5.0"
"react-is","npm","^16.12.0 || ^17.0.0 || ^18.0.0","18.3.1"
"react-is","npm","^16.13.1","16.13.1"
"react-is","npm","^17.0.1","17.0.2"
"react-is","npm","^18.0.0","18.3.1"
"react-is","npm","^18.2.0","18.3.1"
"react-is","npm","18.1.0","18.1.0"
"react-jwt","npm","^1.2.0","1.2.1"
"react-refresh","npm","^0.14.0","0.14.2"
"react-remove-scroll","npm","2.5.4","2.5.4"
"react-remove-scroll","npm","2.5.5","2.5.5"
"react-remove-scroll","npm","2.5.7","2.5.7"
"react-remove-scroll-bar","npm","^2.3.3","2.3.6"
"react-remove-scroll-bar","npm","^2.3.4","2.3.6"
"react-router","npm","6.20.1","6.20.1"
"react-router-dom","npm","6.20.1","6.20.1"
"react-shallow-renderer","npm","^16.15.0","16.15.0"
"react-stately","npm","^3.31.1","3.31.1"
"react-style-singleton","npm","^2.2.1","2.2.1"
"react-tabs","npm","^6.0.2","6.0.2"
"read-cache","npm","^1.0.0","1.0.0"
"read-pkg","npm","^5.2.0","5.2.0"
"read-pkg-up","npm","^7.0.1","7.0.1"
"read-yaml-file","npm","^1.1.0","1.1.0"
"readable-stream","npm","^2.2.2","2.3.8"
"readable-stream","npm","^2.3.5","2.3.8"
"readable-stream","npm","^3.4.0","3.6.2"
"readable-stream","npm","^3.6.0","3.6.2"
"readable-stream","npm","~1.0.31","1.0.34"
"readable-stream","npm","~2.3.6","2.3.8"
"readdirp","npm","~3.6.0","3.6.0"
"recast","npm","^0.23.5","0.23.9"
"rechoir","npm","^0.8.0","0.8.0"
"redent","npm","^3.0.0","3.0.0"
"redeyed","npm","~2.1.0","2.1.1"
"redis-errors","npm","^1.0.0","1.2.0"
"redis-errors","npm","^1.2.0","1.2.0"
"redis-parser","npm","^3.0.0","3.0.0"
"redoc","npm","~2.1.5","2.1.5"
"reflect-metadata","npm","0.1.13","0.1.13"
"reflect.getprototypeof","npm","^1.0.4","1.0.6"
"reftools","npm","^1.1.9","1.1.9"
"regenerate","npm","^1.4.2","1.4.2"
"regenerate-unicode-properties","npm","^10.1.0","10.1.1"
"regenerator-runtime","npm","^0.14.0","0.14.1"
"regenerator-transform","npm","^0.15.2","0.15.2"
"regex-parser","npm","^2.2.11","2.3.0"
"regexp.prototype.flags","npm","^1.5.1","1.5.2"
"regexp.prototype.flags","npm","^1.5.2","1.5.2"
"regexpp","npm","^3.1.0","3.2.0"
"regexpu-core","npm","^5.3.1","5.3.2"
"regjsparser","npm","^0.9.1","0.9.1"
"rehype-external-links","npm","^3.0.0","3.0.0"
"rehype-slug","npm","^6.0.0","6.0.0"
"relay-runtime","npm","12.0.0","12.0.0"
"remove-accents","npm","0.5.0","0.5.0"
"remove-trailing-slash","npm","^0.1.1","0.1.1"
"request","npm","^2.88.0","2.88.2"
"request","npm","2.88.0","2.88.0"
"request","npm","2.88.2","2.88.2"
"request-ip","npm","^3.3.0","3.3.0"
"request-promise-core","npm","1.1.4","1.1.4"
"request-promise-native","npm","^1.0.7","1.0.9"
"require-directory","npm","^2.1.1","2.1.1"
"require-from-string","npm","^2.0.2","2.0.2"
"require-in-the-middle","npm","^7.1.1","7.4.0"
"require-main-filename","npm","^2.0.0","2.0.0"
"requireindex","npm","^1.1.0","1.2.0"
"requires-port","npm","^1.0.0","1.0.0"
"resize-observer-polyfill","npm","^1.5.1","1.5.1"
"resolve","npm","^1.1.7","1.22.8"
"resolve","npm","^1.10.0","1.22.8"
"resolve","npm","^1.14.2","1.22.8"
"resolve","npm","^1.17.0","1.22.8"
"resolve","npm","^1.19.0","1.22.8"
"resolve","npm","^1.20.0","1.22.8"
"resolve","npm","^1.22.1","1.22.8"
"resolve","npm","^1.22.2","1.22.8"
"resolve","npm","^1.22.8","1.22.8"
"resolve","npm","^2.0.0-next.5","2.0.0-next.5"
"resolve","npm","~1.22.1","1.22.8"
"resolve","npm","1.17.0","1.17.0"
"resolve","patch","resolve@^1.1.7#~builtin<compat/resolve>","1.22.8"
"resolve","patch","resolve@^1.10.0#~builtin<compat/resolve>","1.22.8"
"resolve","patch","resolve@^1.14.2#~builtin<compat/resolve>","1.22.8"
"resolve","patch","resolve@^1.17.0#~builtin<compat/resolve>","1.22.8"
"resolve","patch","resolve@^1.19.0#~builtin<compat/resolve>","1.22.8"
"resolve","patch","resolve@^1.20.0#~builtin<compat/resolve>","1.22.8"
"resolve","patch","resolve@^1.22.1#~builtin<compat/resolve>","1.22.8"
"resolve","patch","resolve@^1.22.2#~builtin<compat/resolve>","1.22.8"
"resolve","patch","resolve@^1.22.8#~builtin<compat/resolve>","1.22.8"
"resolve","patch","resolve@^2.0.0-next.5#~builtin<compat/resolve>","2.0.0-next.5"
"resolve","patch","resolve@~1.22.1#~builtin<compat/resolve>","1.22.8"
"resolve","patch","resolve@1.17.0#~builtin<compat/resolve>","1.17.0"
"resolve-alpn","npm","^1.0.0","1.2.1"
"resolve-cwd","npm","^3.0.0","3.0.0"
"resolve-from","npm","^4.0.0","4.0.0"
"resolve-from","npm","^5.0.0","5.0.0"
"resolve-url-loader","npm","^5.0.0","5.0.0"
"resolve.exports","npm","^2.0.0","2.0.2"
"responselike","npm","^2.0.0","2.0.1"
"restore-cursor","npm","^3.1.0","3.1.0"
"restore-cursor","npm","^4.0.0","4.0.0"
"retry","npm","^0.12.0","0.12.0"
"reusify","npm","^1.0.4","1.0.4"
"rfdc","npm","^1.3.0","1.3.1"
"rimraf","npm","^3.0.2","3.0.2"
"rimraf","npm","^5.0.1","5.0.5"
"rimraf","npm","~2.4.0","2.4.5"
"rollup","npm","^2.35.1","2.79.1"
"rollup","npm","^3.2.5","3.29.4"
"rollup","npm","^3.26.0","3.29.4"
"rollup","npm","^3.27.1","3.29.4"
"rollup","npm","^4.0.2","4.17.2"
"rollup","npm","^4.13.0","4.17.2"
"rollup","npm","^4.20.0","4.24.0"
"rollup-plugin-bundle-size","npm","^1.0.3","1.0.3"
"rollup-plugin-esbuild","npm","^5.0.0","5.0.0"
"rollup-plugin-license","npm","^3.0.1","3.3.1"
"rollup-plugin-postcss","npm","^4.0.0","4.0.2"
"rollup-plugin-terser","npm","^7.0.2","7.0.2"
"rollup-plugin-ts","npm","^3.2.0","3.4.5"
"rollup-plugin-typescript2","npm","^0.29.0","0.29.0"
"rollup-plugin-visualizer","npm","^5.9.2","5.12.0"
"rollup-pluginutils","npm","^2.8.2","2.8.2"
"root","workspace",".","0.0.0-use.local"
"rrweb-cssom","npm","^0.6.0","0.6.0"
"run-applescript","npm","^5.0.0","5.0.0"
"run-applescript","npm","^7.0.0","7.0.0"
"run-async","npm","^2.4.0","2.4.1"
"run-async","npm","^3.0.0","3.0.0"
"run-parallel","npm","^1.1.9","1.2.0"
"rxjs","npm","^7.2.0","7.8.1"
"rxjs","npm","^7.5.1","7.8.1"
"rxjs","npm","^7.5.5","7.8.1"
"rxjs","npm","^7.8.1","7.8.1"
"sade","npm","^1.7.4","1.8.1"
"safe-array-concat","npm","^1.1.2","1.1.2"
"safe-buffer","npm","^5.0.1","5.2.1"
"safe-buffer","npm","^5.1.0","5.2.1"
"safe-buffer","npm","^5.1.2","5.2.1"
"safe-buffer","npm","~5.1.0","5.1.2"
"safe-buffer","npm","~5.1.1","5.1.2"
"safe-buffer","npm","~5.2.0","5.2.1"
"safe-buffer","npm","5.1.2","5.1.2"
"safe-buffer","npm","5.2.1","5.2.1"
"safe-identifier","npm","^0.4.2","0.4.2"
"safe-json-stringify","npm","~1","1.2.0"
"safe-regex-test","npm","^1.0.3","1.0.3"
"safe-stable-stringify","npm","^2.3.1","2.4.3"
"safer-buffer","npm","^2.0.2","2.1.2"
"safer-buffer","npm","^2.1.0","2.1.2"
"safer-buffer","npm",">= 2.1.2 < 3","2.1.2"
"safer-buffer","npm",">= 2.1.2 < 3.0.0","2.1.2"
"safer-buffer","npm","~2.1.0","2.1.2"
"sass-loader","npm","^13.2.2","13.3.3"
"saxes","npm","^3.1.9","3.1.11"
"saxes","npm","^6.0.0","6.0.0"
"scheduler","npm","^0.20.2","0.20.2"
"scheduler","npm","^0.23.2","0.23.2"
"scrypt-kdf","npm","^2.0.1","2.0.1"
"semver","npm","^5.5.0","5.7.2"
"semver","npm","^5.6.0","5.7.2"
"semver","npm","^5.7.1","5.7.2"
"semver","npm","^6.0.0","6.3.1"
"semver","npm","^6.3.0","6.3.1"
"semver","npm","^6.3.1","6.3.1"
"semver","npm","^7.2.1","7.6.0"
"semver","npm","^7.3.2","7.6.0"
"semver","npm","^7.3.5","7.6.0"
"semver","npm","^7.3.7","7.6.0"
"semver","npm","^7.5.2","7.6.0"
"semver","npm","^7.5.3","7.6.0"
"semver","npm","^7.5.4","7.6.0"
"semver","npm","^7.6.2","7.6.3"
"semver","npm","^7.6.3","7.6.3"
"semver","npm","~7.0.0","7.0.0"
"semver","npm","~7.5.4","7.5.4"
"semver","npm","2 || 3 || 4 || 5","5.7.2"
"semver","npm","7.3.4","7.3.4"
"semver-compare","npm","^1.0.0","1.0.0"
"send","npm","0.17.1","0.17.1"
"send","npm","0.18.0","0.18.0"
"send","npm","0.19.0","0.19.0"
"sentence-case","npm","^3.0.4","3.0.4"
"serialize-javascript","npm","^4.0.0","4.0.0"
"serve-static","npm","1.14.1","1.14.1"
"serve-static","npm","1.15.0","1.15.0"
"serve-static","npm","1.16.2","1.16.2"
"set-blocking","npm","^2.0.0","2.0.0"
"set-function-length","npm","^1.2.1","1.2.2"
"set-function-name","npm","^2.0.1","2.0.2"
"set-function-name","npm","^2.0.2","2.0.2"
"setimmediate","npm","^1.0.5","1.0.5"
"setprototypeof","npm","1.1.1","1.1.1"
"setprototypeof","npm","1.2.0","1.2.0"
"shallowequal","npm","^1.1.0","1.1.0"
"shallowequal","npm","1.1.0","1.1.0"
"shebang-command","npm","^1.2.0","1.2.0"
"shebang-command","npm","^2.0.0","2.0.0"
"shebang-regex","npm","^1.0.0","1.0.0"
"shebang-regex","npm","^3.0.0","3.0.0"
"shimmer","npm","^1.2.1","1.2.1"
"should","npm","^13.2.1","13.2.3"
"should-equal","npm","^2.0.0","2.0.0"
"should-format","npm","^3.0.3","3.0.3"
"should-type","npm","^1.3.0","1.4.0"
"should-type","npm","^1.4.0","1.4.0"
"should-type-adaptors","npm","^1.0.1","1.1.0"
"should-util","npm","^1.0.0","1.0.1"
"side-channel","npm","^1.0.4","1.0.6"
"side-channel","npm","^1.0.6","1.0.6"
"siginfo","npm","^2.0.0","2.0.0"
"signal-exit","npm","^3.0.0","3.0.7"
"signal-exit","npm","^3.0.2","3.0.7"
"signal-exit","npm","^3.0.3","3.0.7"
"signal-exit","npm","^3.0.7","3.0.7"
"signal-exit","npm","^4.0.1","4.1.0"
"signal-exit","npm","^4.1.0","4.1.0"
"signedsource","npm","^1.0.0","1.0.0"
"simple-string-table","npm","^1.0.0","1.0.0"
"simple-swizzle","npm","^0.2.2","0.2.2"
"simple-update-notifier","npm","^1.0.7","1.1.0"
"simple-websocket","npm","^9.0.0","9.1.0"
"sirv","npm","^2.0.4","2.0.4"
"sisteransi","npm","^1.0.5","1.0.5"
"skin-tone","npm","^2.0.0","2.0.0"
"slash","npm","^3.0.0","3.0.0"
"slice-ansi","npm","^3.0.0","3.0.0"
"slice-ansi","npm","^4.0.0","4.0.0"
"slugify","npm","^1.6.6","1.6.6"
"slugify","npm","~1.4.7","1.4.7"
"smart-buffer","npm","^4.2.0","4.2.0"
"smartwrap","npm","^2.0.2","2.0.2"
"snake-case","npm","^3.0.4","3.0.4"
"socks","npm","^2.7.1","2.8.3"
"socks-proxy-agent","npm","^8.0.3","8.0.3"
"sonner","npm","^1.5.0","1.5.0"
"sorted-array-functions","npm","^1.3.0","1.3.0"
"source-map","npm","^0.6.0","0.6.1"
"source-map","npm","^0.6.1","0.6.1"
"source-map","npm","^0.7.4","0.7.4"
"source-map","npm","~0.6.1","0.6.1"
"source-map","npm","0.6.1","0.6.1"
"source-map","npm","0.8.0-beta.0","0.8.0-beta.0"
"source-map-js","npm","^1.0.1","1.2.0"
"source-map-js","npm","^1.2.0","1.2.0"
"source-map-js","npm","^1.2.1","1.2.1"
"source-map-support","npm","~0.5.20","0.5.21"
"source-map-support","npm","0.5.13","0.5.13"
"sourcemap-codec","npm","^1.4.8","1.4.8"
"space-separated-tokens","npm","^2.0.0","2.0.2"
"spawndamnit","npm","^2.0.0","2.0.0"
"spdx-compare","npm","^1.0.0","1.0.0"
"spdx-correct","npm","^3.0.0","3.2.0"
"spdx-exceptions","npm","^2.1.0","2.5.0"
"spdx-expression-parse","npm","^3.0.0","3.0.1"
"spdx-expression-validate","npm","~2.0.0","2.0.0"
"spdx-license-ids","npm","^3.0.0","3.0.17"
"spdx-ranges","npm","^2.0.0","2.1.1"
"spdx-satisfies","npm","~5.0.1","5.0.1"
"split2","npm","^4.1.0","4.2.0"
"sponge-case","npm","^1.0.1","1.0.1"
"sprintf-js","npm","^1.1.3","1.1.3"
"sprintf-js","npm","~1.0.2","1.0.3"
"sqlstring","npm","2.3.3","2.3.3"
"sshpk","npm","^1.7.0","1.18.0"
"ssri","npm","^10.0.0","10.0.6"
"stable","npm","^0.1.8","0.1.8"
"stack-trace","npm","^0.0.10","0.0.10"
"stack-trace","npm","0.0.x","0.0.10"
"stack-utils","npm","^2.0.3","2.0.6"
"stackback","npm","0.0.2","0.0.2"
"standard-as-callback","npm","^2.1.0","2.1.0"
"statuses","npm","^2.0.1","2.0.1"
"statuses","npm",">= 1.5.0 < 2","1.5.0"
"statuses","npm","~1.5.0","1.5.0"
"statuses","npm","2.0.1","2.0.1"
"std-env","npm","^3.3.3","3.7.0"
"std-env","npm","^3.7.0","3.7.0"
"stdin-discarder","npm","^0.1.0","0.1.0"
"stealthy-require","npm","^1.1.1","1.1.1"
"stickyfill","npm","^1.1.1","1.1.1"
"stop-iteration-iterator","npm","^1.0.0","1.0.0"
"store2","npm","^2.14.2","2.14.3"
"storybook","npm","^8.3.5","8.3.5"
"stream-transform","npm","^2.1.3","2.1.3"
"streamsearch","npm","^1.1.0","1.1.0"
"strict-event-emitter","npm","^0.5.1","0.5.1"
"string_decoder","npm","^1.1.1","1.3.0"
"string_decoder","npm","~0.10.x","0.10.31"
"string_decoder","npm","~1.1.1","1.1.1"
"string-argv","npm","~0.3.1","0.3.2"
"string-argv","npm","0.3.1","0.3.1"
"string-hash","npm","^1.1.1","1.1.3"
"string-length","npm","^4.0.1","4.0.2"
"string-width","npm","^4.0.0","4.2.3"
"string-width","npm","^4.1.0","4.2.3"
"string-width","npm","^4.2.0","4.2.3"
"string-width","npm","^4.2.2","4.2.3"
"string-width","npm","^4.2.3","4.2.3"
"string-width","npm","^5.0.1","5.1.2"
"string-width","npm","^5.1.2","5.1.2"
"string-width-cjs","npm","string-width@^4.2.0","4.2.3"
"string.prototype.matchall","npm","^4.0.10","4.0.11"
"string.prototype.trim","npm","^1.2.9","1.2.9"
"string.prototype.trimend","npm","^1.0.8","1.0.8"
"string.prototype.trimstart","npm","^1.0.8","1.0.8"
"stringify-object","npm","3.3.0","3.3.0"
"strip-ansi","npm","^3.0.0","3.0.1"
"strip-ansi","npm","^6.0.0","6.0.1"
"strip-ansi","npm","^6.0.1","6.0.1"
"strip-ansi","npm","^7.0.1","7.1.0"
"strip-ansi-cjs","npm","strip-ansi@^6.0.1","6.0.1"
"strip-bom","npm","^3.0.0","3.0.0"
"strip-bom","npm","^4.0.0","4.0.0"
"strip-eof","npm","^1.0.0","1.0.0"
"strip-final-newline","npm","^2.0.0","2.0.0"
"strip-final-newline","npm","^3.0.0","3.0.0"
"strip-indent","npm","^3.0.0","3.0.0"
"strip-indent","npm","^4.0.0","4.0.0"
"strip-json-comments","npm","^3.1.0","3.1.1"
"strip-json-comments","npm","^3.1.1","3.1.1"
"strip-literal","npm","^1.0.1","1.3.0"
"stripe","npm","^15.5.0","15.12.0"
"strnum","npm","^1.0.5","1.0.5"
"style-inject","npm","^0.3.0","0.3.0"
"style-loader","npm","^3.3.2","3.3.4"
"styled-components","npm","^6.0.7","6.1.13"
"stylehacks","npm","^5.1.1","5.1.1"
"stylis","npm","4.3.2","4.3.2"
"sucrase","npm","^3.20.3","3.35.0"
"sucrase","npm","^3.32.0","3.35.0"
"superagent","npm","^3.8.3","3.8.3"
"supertest","npm","^4.0.2","4.0.2"
"supports-color","npm","^2.0.0","2.0.0"
"supports-color","npm","^5.3.0","5.5.0"
"supports-color","npm","^5.5.0","5.5.0"
"supports-color","npm","^7.0.0","7.2.0"
"supports-color","npm","^7.1.0","7.2.0"
"supports-color","npm","^8.0.0","8.1.1"
"supports-color","npm","^8.1.0","8.1.1"
"supports-color","npm","~8.1.1","8.1.1"
"supports-color","npm","8.1.1","8.1.1"
"supports-hyperlinks","npm","^2.1.0","2.3.0"
"supports-preserve-symlinks-flag","npm","^1.0.0","1.0.0"
"svg-parser","npm","^2.0.4","2.0.4"
"svgo","npm","^2.7.0","2.8.0"
"svgo","npm","^3.0.2","3.2.0"
"swagger-inline","npm","^6.1.0","6.1.1"
"swagger2openapi","npm","^7.0.8","7.0.8"
"swap-case","npm","^2.0.2","2.0.2"
"symbol-tree","npm","^3.2.2","3.2.4"
"symbol-tree","npm","^3.2.4","3.2.4"
"synchronous-promise","npm","^2.0.15","2.0.17"
"table","npm","^6.0.9","6.8.2"
"tailwind-merge","npm","^2.2.1","2.3.0"
"tailwindcss","npm","^3.3.6","3.4.3"
"tailwindcss","npm","^3.4.1","3.4.3"
"tailwindcss","npm","^3.4.3","3.4.3"
"tailwindcss-animate","npm","^1.0.6","1.0.7"
"tar","npm","^6.1.11","6.2.1"
"tar","npm","^6.1.2","6.2.1"
"tarn","npm","^3.0.2","3.0.2"
"telejson","npm","^7.2.0","7.2.0"
"term-size","npm","^2.1.0","2.2.1"
"terser","npm","^5.0.0","5.31.0"
"terser","npm","^5.7.0","5.31.0"
"test-exclude","npm","^6.0.0","6.0.0"
"text-hex","npm","1.0.x","1.0.0"
"text-table","npm","^0.2.0","0.2.0"
"thenify","npm",">= 3.1.0 < 4","3.3.1"
"thenify-all","npm","^1.0.0","1.6.0"
"through","npm","^2.3.6","2.3.8"
"through","npm","^2.3.8","2.3.8"
"through","npm",">=2.2.7 <3","2.3.8"
"through2","npm","^2.0.1","2.0.5"
"tildify","npm","2.0.0","2.0.0"
"tiny-glob","npm","^0.2.8","0.2.9"
"tiny-invariant","npm","^1.3.1","1.3.3"
"tiny-invariant","npm","^1.3.3","1.3.3"
"tinybench","npm","^2.5.0","2.8.0"
"tinybench","npm","^2.9.0","2.9.0"
"tinyexec","npm","^0.3.0","0.3.0"
"tinyexec","npm","^0.3.1","0.3.1"
"tinypool","npm","^0.5.0","0.5.0"
"tinypool","npm","^1.0.0","1.0.1"
"tinypool","npm","^1.0.1","1.0.1"
"tinyrainbow","npm","^1.2.0","1.2.0"
"tinyspy","npm","^2.1.1","2.2.1"
"tinyspy","npm","^3.0.0","3.0.2"
"tinyspy","npm","^3.0.2","3.0.2"
"title-case","npm","^3.0.3","3.0.3"
"titleize","npm","^3.0.0","3.0.0"
"tmp","npm","^0.0.33","0.0.33"
"tmpl","npm","1.0.5","1.0.5"
"to-fast-properties","npm","^2.0.0","2.0.0"
"to-regex-range","npm","^5.0.1","5.0.1"
"toggle-selection","npm","^1.0.6","1.0.6"
"toidentifier","npm","1.0.0","1.0.0"
"toidentifier","npm","1.0.1","1.0.1"
"totalist","npm","^3.0.0","3.0.1"
"touch","npm","^3.1.0","3.1.0"
"tough-cookie","npm","^2.3.3","2.5.0"
"tough-cookie","npm","^3.0.1","3.0.1"
"tough-cookie","npm","^4.1.2","4.1.4"
"tough-cookie","npm","~2.4.3","2.4.3"
"tough-cookie","npm","~2.5.0","2.5.0"
"tr46","npm","^1.0.1","1.0.1"
"tr46","npm","^4.1.1","4.1.1"
"tr46","npm","~0.0.3","0.0.3"
"tree-kill","npm","^1.2.2","1.2.2"
"trim-newlines","npm","^3.0.0","3.0.1"
"triple-beam","npm","^1.3.0","1.4.1"
"ts-api-utils","npm","^1.0.1","1.3.0"
"ts-clone-node","npm","^3.0.0","3.0.0"
"ts-dedent","npm","^2.0.0","2.2.0"
"ts-dedent","npm","^2.2.0","2.2.0"
"ts-dedent","npm","2.2.0","2.2.0"
"ts-interface-checker","npm","^0.1.9","0.1.13"
"ts-jest","npm","^29.1.0","29.2.5"
"ts-jest","npm","^29.1.1","29.1.2"
"ts-node","npm","^10.9.1","10.9.2"
"tsc-alias","npm","^1.8.6","1.8.8"
"tsc-alias","npm","^1.8.7","1.8.8"
"tsconfig-paths","npm","^4.2.0","4.2.0"
"tsconfig-paths","npm","4.2.0","4.2.0"
"tslib","npm","^1","1.14.1"
"tslib","npm","^1.11.1","1.14.1"
"tslib","npm","^1.8.1","1.14.1"
"tslib","npm","^2.0.0","2.6.2"
"tslib","npm","^2.0.1","2.6.2"
"tslib","npm","^2.0.3","2.6.2"
"tslib","npm","^2.1.0","2.6.2"
"tslib","npm","^2.3.1","2.6.2"
"tslib","npm","^2.4.0","2.6.2"
"tslib","npm","^2.6.1","2.6.2"
"tslib","npm","^2.6.2","2.6.2"
"tslib","npm","~2.6.0","2.6.3"
"tslib","npm","2.0.1","2.0.1"
"tslib","npm","2.6.2","2.6.2"
"tsscmp","npm","1.0.6","1.0.6"
"tsup","npm","^7.1.0","7.2.0"
"tsup","npm","^8.0.1","8.0.2"
"tsup","npm","^8.0.2","8.0.2"
"tsup","npm","7.1.0","7.1.0"
"tsup","npm","8.0.1","8.0.1"
"tsutils","npm","^3.21.0","3.21.0"
"tty-table","npm","^4.1.5","4.2.3"
"tunnel-agent","npm","^0.6.0","0.6.0"
"turbo","npm","^1.6.3","1.13.3"
"turbo-darwin-64","npm","1.13.3","1.13.3"
"turbo-darwin-arm64","npm","1.13.3","1.13.3"
"turbo-linux-64","npm","1.13.3","1.13.3"
"turbo-linux-arm64","npm","1.13.3","1.13.3"
"turbo-windows-64","npm","1.13.3","1.13.3"
"turbo-windows-arm64","npm","1.13.3","1.13.3"
"tweetnacl","npm","^0.14.3","0.14.5"
"tweetnacl","npm","~0.14.0","0.14.5"
"type-check","npm","^0.4.0","0.4.0"
"type-check","npm","~0.3.2","0.3.2"
"type-check","npm","~0.4.0","0.4.0"
"type-detect","npm","^4.0.0","4.0.8"
"type-detect","npm","^4.0.8","4.0.8"
"type-detect","npm","4.0.8","4.0.8"
"type-fest","npm","^0.13.1","0.13.1"
"type-fest","npm","^0.20.2","0.20.2"
"type-fest","npm","^0.21.3","0.21.3"
"type-fest","npm","^0.6.0","0.6.0"
"type-fest","npm","^0.8.1","0.8.1"
"type-fest","npm","^1.0.1","1.4.0"
"type-fest","npm","^2.19.0","2.19.0"
"type-fest","npm","^3.0.0","3.13.1"
"type-fest","npm","^4.9.0","4.18.2"
"type-fest","npm","~2.19","2.19.0"
"type-is","npm","^1.6.4","1.6.18"
"type-is","npm","~1.6.17","1.6.18"
"type-is","npm","~1.6.18","1.6.18"
"typed-array-buffer","npm","^1.0.2","1.0.2"
"typed-array-byte-length","npm","^1.0.1","1.0.1"
"typed-array-byte-offset","npm","^1.0.2","1.0.2"
"typed-array-length","npm","^1.0.6","1.0.6"
"typedarray","npm","^0.0.6","0.0.6"
"typedarray-to-buffer","npm","^3.1.5","3.1.5"
"typedarray-to-buffer","npm","~3.1.5","3.1.5"
"typescript","npm","^4.1.3","4.9.5"
"typescript","npm","^5.1.6","5.4.5"
"typescript","npm","^5.3.3","5.4.5"
"typescript","npm","^5.6.2","5.6.2"
"typescript","npm","4.9.5","4.9.5"
"typescript","npm","5.1.6","5.1.6"
"typescript","npm","5.2.2","5.2.2"
"typescript","npm","5.3.3","5.3.3"
"typescript","patch","typescript@^4.1.3#~builtin<compat/typescript>","4.9.5"
"typescript","patch","typescript@^5.1.6#~builtin<compat/typescript>","5.4.5"
"typescript","patch","typescript@^5.3.3#~builtin<compat/typescript>","5.4.5"
"typescript","patch","typescript@^5.6.2#~builtin<compat/typescript>","5.6.2"
"typescript","patch","typescript@4.9.5#~builtin<compat/typescript>","4.9.5"
"typescript","patch","typescript@5.1.6#~builtin<compat/typescript>","5.1.6"
"typescript","patch","typescript@5.2.2#~builtin<compat/typescript>","5.2.2"
"typescript","patch","typescript@5.3.3#~builtin<compat/typescript>","5.3.3"
"ua-parser-js","npm","^1.0.35","1.0.37"
"ufo","npm","^1.5.3","1.5.3"
"uglify-js","npm","^3.1.4","3.17.4"
"uid-safe","npm","~2.1.5","2.1.5"
"ulid","npm","^2.3.0","2.3.0"
"umzug","npm","3.3.1","3.3.1"
"unbox-primitive","npm","^1.0.2","1.0.2"
"unc-path-regex","npm","^0.1.2","0.1.2"
"undefsafe","npm","^2.0.5","2.0.5"
"undici-types","npm","~5.26.4","5.26.5"
"undici-types","npm","~6.19.2","6.19.8"
"unicode-canonical-property-names-ecmascript","npm","^2.0.0","2.0.0"
"unicode-emoji-modifier-base","npm","^1.0.0","1.0.0"
"unicode-match-property-ecmascript","npm","^2.0.0","2.0.0"
"unicode-match-property-value-ecmascript","npm","^2.1.0","2.1.0"
"unicode-property-aliases-ecmascript","npm","^2.0.0","2.1.0"
"unique-filename","npm","^3.0.0","3.0.0"
"unique-slug","npm","^4.0.0","4.0.0"
"unique-string","npm","^2.0.0","2.0.0"
"unique-string","npm","^3.0.0","3.0.0"
"unist-util-is","npm","^6.0.0","6.0.0"
"unist-util-visit","npm","^5.0.0","5.0.0"
"unist-util-visit-parents","npm","^6.0.0","6.0.1"
"universalify","npm","^0.1.0","0.1.2"
"universalify","npm","^0.2.0","0.2.0"
"universalify","npm","^2.0.0","2.0.1"
"unix-crypt-td-js","npm","1.1.4","1.1.4"
"unpipe","npm","~1.0.0","1.0.0"
"unpipe","npm","1.0.0","1.0.0"
"unplugin","npm","^1.3.1","1.10.1"
"untildify","npm","^4.0.0","4.0.0"
"update-browserslist-db","npm","^1.0.13","1.0.15"
"update-browserslist-db","npm","^1.1.0","1.1.0"
"upper-case","npm","^2.0.2","2.0.2"
"upper-case-first","npm","^2.0.2","2.0.2"
"uri-js","npm","^4.2.2","4.4.1"
"uri-js","npm","^4.4.1","4.4.1"
"uri-js-replace","npm","^1.0.1","1.0.1"
"url-parse","npm","^1.5.3","1.5.10"
"url-template","npm","^2.0.8","2.0.8"
"use-callback-ref","npm","^1.3.0","1.3.2"
"use-resize-observer","npm","^9.1.0","9.1.0"
"use-sidecar","npm","^1.1.2","1.1.2"
"use-sync-external-store","npm","^1.2.0","1.2.2"
"util","npm","^0.12.4","0.12.5"
"util","npm","^0.12.5","0.12.5"
"util-deprecate","npm","^1.0.1","1.0.2"
"util-deprecate","npm","^1.0.2","1.0.2"
"util-deprecate","npm","~1.0.1","1.0.2"
"utils-merge","npm","1.0.1","1.0.1"
"uuid","npm","^3.3.2","3.4.0"
"uuid","npm","^8.3.2","8.3.2"
"uuid","npm","^9.0.0","9.0.1"
"uuid","npm","^9.0.1","9.0.1"
"v8-compile-cache","npm","^2.0.3","2.4.0"
"v8-compile-cache-lib","npm","^3.0.1","3.0.1"
"v8-to-istanbul","npm","^9.0.1","9.2.0"
"v8-to-istanbul","npm","^9.1.0","9.2.0"
"validate-npm-package-license","npm","^3.0.1","3.0.4"
"validator","npm","^13.7.0","13.11.0"
"validator","npm","^13.9.0","13.12.0"
"value-or-promise","npm","^1.0.12","1.0.12"
"vary","npm","^1","1.1.2"
"vary","npm","~1.1.2","1.1.2"
"verdaccio","npm","^4.10.0","4.13.2"
"verdaccio-audit","npm","9.7.3","9.7.3"
"verdaccio-htpasswd","npm","9.7.2","9.7.2"
"verror","npm","1.10.0","1.10.0"
"vite","npm","^3.0.0 || ^4.0.0","4.5.3"
"vite","npm","^4.3.9","4.5.3"
"vite","npm","^5.0.0","5.4.9"
"vite","npm","^5.2.11","5.2.11"
"vite-node","npm","0.32.4","0.32.4"
"vite-node","npm","2.1.3","2.1.3"
"vite-node","npm","2.1.4","2.1.4"
"vite-plugin-inspect","npm","^0.8.7","0.8.7"
"vite-plugin-turbosnap","npm","^1.0.2","1.0.3"
"vitest","npm","^0.32.2","0.32.4"
"vitest","npm","^2.1.3","2.1.3"
"vitest","npm","^2.1.4","2.1.4"
"void-elements","npm","3.1.0","3.1.0"
"w3c-hr-time","npm","^1.0.1","1.0.2"
"w3c-xmlserializer","npm","^1.1.2","1.1.2"
"w3c-xmlserializer","npm","^4.0.0","4.0.0"
"wait-on","npm","^7.0.1","7.2.0"
"walker","npm","^1.0.8","1.0.8"
"wcwidth","npm","^1.0.1","1.0.1"
"web-streams-polyfill","npm","^3.0.3","3.3.3"
"webidl-conversions","npm","^3.0.0","3.0.1"
"webidl-conversions","npm","^4.0.2","4.0.2"
"webidl-conversions","npm","^7.0.0","7.0.0"
"webpack-sources","npm","^3.2.3","3.2.3"
"webpack-virtual-modules","npm","^0.6.1","0.6.1"
"whatwg-encoding","npm","^1.0.1","1.0.5"
"whatwg-encoding","npm","^1.0.5","1.0.5"
"whatwg-encoding","npm","^2.0.0","2.0.0"
"whatwg-mimetype","npm","^2.2.0","2.3.0"
"whatwg-mimetype","npm","^2.3.0","2.3.0"
"whatwg-mimetype","npm","^3.0.0","3.0.0"
"whatwg-url","npm","^12.0.0","12.0.1"
"whatwg-url","npm","^12.0.1","12.0.1"
"whatwg-url","npm","^5.0.0","5.0.0"
"whatwg-url","npm","^7.0.0","7.1.0"
"which","npm","^1.2.9","1.3.1"
"which","npm","^2.0.1","2.0.2"
"which","npm","^4.0.0","4.0.0"
"which-boxed-primitive","npm","^1.0.2","1.0.2"
"which-builtin-type","npm","^1.1.3","1.1.3"
"which-collection","npm","^1.0.1","1.0.2"
"which-module","npm","^2.0.0","2.0.1"
"which-pm","npm","2.0.0","2.0.0"
"which-typed-array","npm","^1.1.13","1.1.15"
"which-typed-array","npm","^1.1.14","1.1.15"
"which-typed-array","npm","^1.1.15","1.1.15"
"which-typed-array","npm","^1.1.2","1.1.15"
"which-typed-array","npm","^1.1.9","1.1.15"
"why-is-node-running","npm","^2.2.2","2.2.2"
"why-is-node-running","npm","^2.3.0","2.3.0"
"widest-line","npm","^3.1.0","3.1.0"
"winston","npm","^3.8.2","3.13.0"
"winston","npm","^3.9.0","3.14.2"
"winston-transport","npm","^4.7.0","4.7.0"
"word-wrap","npm","^1.2.5","1.2.5"
"word-wrap","npm","~1.2.3","1.2.5"
"wordwrap","npm","^1.0.0","1.0.0"
"wrap-ansi","npm","^6.0.1","6.2.0"
"wrap-ansi","npm","^6.2.0","6.2.0"
"wrap-ansi","npm","^7.0.0","7.0.0"
"wrap-ansi","npm","^8.1.0","8.1.0"
"wrap-ansi-cjs","npm","wrap-ansi@^7.0.0","7.0.0"
"wrappy","npm","1","1.0.2"
"write-file-atomic","npm","^3.0.0","3.0.3"
"write-file-atomic","npm","^3.0.3","3.0.3"
"write-file-atomic","npm","^4.0.2","4.0.2"
"ws","npm","^7.0.0","7.5.10"
"ws","npm","^7.4.2","7.5.9"
"ws","npm","^8.13.0","8.17.0"
"ws","npm","^8.2.3","8.17.0"
"xdg-basedir","npm","^4.0.0","4.0.0"
"xdg-basedir","npm","^5.0.1","5.1.0"
"xml-name-validator","npm","^3.0.0","3.0.0"
"xml-name-validator","npm","^4.0.0","4.0.0"
"xmlchars","npm","^2.1.1","2.2.0"
"xmlchars","npm","^2.2.0","2.2.0"
"xtend","npm","^4.0.0","4.0.2"
"xtend","npm","^4.0.2","4.0.2"
"xtend","npm","~4.0.0","4.0.2"
"xtend","npm","~4.0.1","4.0.2"
"y18n","npm","^4.0.0","4.0.3"
"y18n","npm","^5.0.5","5.0.8"
"yallist","npm","^2.1.2","2.1.2"
"yallist","npm","^3.0.2","3.1.1"
"yallist","npm","^4.0.0","4.0.0"
"yaml","npm","^1.10.0","1.10.2"
"yaml","npm","^1.10.2","1.10.2"
"yaml","npm","^2.2.1","2.4.2"
"yaml","npm","^2.3.4","2.4.2"
"yaml-ast-parser","npm","0.0.43","0.0.43"
"yargs","npm","^15.1.0","15.4.1"
"yargs","npm","^15.3.1","15.4.1"
"yargs","npm","^15.4.1","15.4.1"
"yargs","npm","^16.1.0","16.2.0"
"yargs","npm","^17.0.1","17.7.2"
"yargs","npm","^17.3.1","17.7.2"
"yargs","npm","^17.5.1","17.7.2"
"yargs","npm","^17.7.1","17.7.2"
"yargs","npm","^17.7.2","17.7.2"
"yargs","npm","17.0.1","17.0.1"
"yargs","npm","17.7.2","17.7.2"
"yargs-parser","npm","^18.1.2","18.1.3"
"yargs-parser","npm","^18.1.3","18.1.3"
"yargs-parser","npm","^20.2.2","20.2.9"
"yargs-parser","npm","^21.0.1","21.1.1"
"yargs-parser","npm","^21.1.1","21.1.1"
"yn","npm","3.1.1","3.1.1"
"yocto-queue","npm","^0.1.0","0.1.0"
"yocto-queue","npm","^1.0.0","1.0.0"
"yoctocolors-cjs","npm","^2.1.2","2.1.2"
"z-schema","npm","~5.0.2","5.0.5"
"zod","npm","^3.22","3.23.8"
"zod","npm","3.22.4","3.22.4"